x,y,z,date,body
-3.460500778620491E+08,8.482628107076915E+07,3.002093751680564E+07,1950-Jan-01,8flora
-3.600800716156229E+08,3.814176010104316E+07,3.312336825586282E+07,1950-Feb-01,8flora
-3.666266715616068E+08,-4.700175236316722E+06,3.536327780303466E+07,1950-Mar-01,8flora
-3.672435500188887E+08,-5.201896054124036E+07,3.720268635356071E+07,1950-Apr-01,8flora
-3.614199260109656E+08,-9.690996968991920E+07,3.833278738029642E+07,1950-May-01,8flora
-3.490534729141294E+08,-1.415845782881714E+08,3.882692681753381E+07,1950-Jun-01,8flora
-3.312637681271842E+08,-1.824635668150057E+08,3.865784746577381E+07,1950-Jul-01,8flora
-3.072468703418106E+08,-2.215896935760759E+08,3.782523138108575E+07,1950-Aug-01,8flora
-2.779376771270542E+08,-2.568956339578748E+08,3.634098358330610E+07,1950-Sep-01,8flora
-2.449935140759192E+08,-2.868359335007059E+08,3.430597652505782E+07,1950-Oct-01,8flora
-2.067430659488030E+08,-3.128284867270933E+08,3.161314433403254E+07,1950-Nov-01,8flora
-1.662112709570679E+08,-3.326712042534430E+08,2.846990550628650E+07,1950-Dec-01,8flora
-1.213436243835781E+08,-3.471693447076789E+08,2.470936356684001E+07,1951-Jan-01,8flora
-7.417818869568220E+07,-3.550737895914912E+08,2.048008829573648E+07,1951-Feb-01,8flora
-3.029440458020063E+07,-3.561723446383154E+08,1.630957550085407E+07,1951-Mar-01,8flora
1.885139211148145E+07,-3.503427452380991E+08,1.137320376014604E+07,1951-Apr-01,8flora
6.601855824493717E+07,-3.373721010384520E+08,6.357884241870373E+06,1951-May-01,8flora
1.132134461500489E+08,-3.162062349394573E+08,1.031349424957678E+06,1951-Jun-01,8flora
1.561816850852119E+08,-2.881732514100211E+08,-4.148085192877933E+06,1951-Jul-01,8flora
1.964049358078347E+08,-2.515668389287806E+08,-9.386875461553946E+06,1951-Aug-01,8flora
2.308788041799622E+08,-2.076310571409505E+08,-1.434982627272658E+07,1951-Sep-01,8flora
2.572899274902939E+08,-1.588676829980907E+08,-1.872070254523561E+07,1951-Oct-01,8flora
2.759111647239701E+08,-1.031800328049934E+08,-2.260462088096491E+07,1951-Nov-01,8flora
2.842707733497303E+08,-4.568063185614888E+07,-2.557183590997919E+07,1951-Dec-01,8flora
2.819178429459333E+08,1.544822637295913E+07,-2.764747819522629E+07,1952-Jan-01,8flora
2.678722399196947E+08,7.590949329545514E+07,-2.857566429897877E+07,1952-Feb-01,8flora
2.442569841667421E+08,1.295356975606948E+08,-2.832796025237642E+07,1952-Mar-01,8flora
2.086268233264787E+08,1.812705059281296E+08,-2.685579988986924E+07,1952-Apr-01,8flora
1.653572371193960E+08,2.237287859083567E+08,-2.430114941000110E+07,1952-May-01,8flora
1.136045023908640E+08,2.580306555426075E+08,-2.062524009524734E+07,1952-Jun-01,8flora
5.895891054039079E+07,2.809515224601640E+08,-1.624327355278091E+07,1952-Jul-01,8flora
1.940947182813361E+05,2.936384331819235E+08,-1.108075319730076E+07,1952-Aug-01,8flora
-5.859844310289439E+07,2.953744083709760E+08,-5.503397592605308E+06,1952-Sep-01,8flora
-1.136003402017666E+08,2.872950826541775E+08,7.957392902439833E+04,1952-Oct-01,8flora
-1.668501942337435E+08,2.698707596292219E+08,5.846123363001585E+06,1952-Nov-01,8flora
-2.137011993322463E+08,2.453654366109185E+08,1.126506611068501E+07,1952-Dec-01,8flora
-2.563460508084554E+08,2.134126111756298E+08,1.656066031568705E+07,1953-Jan-01,8flora
-2.924783228846027E+08,1.760111825494148E+08,2.143632525823896E+07,1953-Feb-01,8flora
-3.191700398676479E+08,1.385950759297893E+08,2.540651797495677E+07,1953-Mar-01,8flora
-3.419371844801074E+08,9.424371501148693E+07,2.926116494424297E+07,1953-Apr-01,8flora
-3.571191558560218E+08,4.940745876457751E+07,3.240614684750692E+07,1953-May-01,8flora
-3.657771593178466E+08,2.098812434924658E+06,3.501815724077792E+07,1953-Jun-01,8flora
-3.674882256813317E+08,-4.374538856622986E+07,3.690841178497711E+07,1953-Jul-01,8flora
-3.625815363847675E+08,-9.032779474406917E+07,3.819145712114519E+07,1953-Aug-01,8flora
-3.511707581490998E+08,-1.353037017109447E+08,3.878994897705005E+07,1953-Sep-01,8flora
-3.342516631262437E+08,-1.765864822095070E+08,3.872089830881129E+07,1953-Oct-01,8flora
-3.110700951523188E+08,-2.162387648206197E+08,3.798963456656289E+07,1953-Nov-01,8flora
-2.835225005851121E+08,-2.510804053623407E+08,3.665841237177303E+07,1953-Dec-01,8flora
-2.502374543556234E+08,-2.828189955151817E+08,3.465997785557210E+07,1954-Jan-01,8flora
-2.125782743282008E+08,-3.096297007983463E+08,3.205646554171193E+07,1954-Feb-01,8flora
-1.752916649992158E+08,-3.291358949386012E+08,2.921380387261280E+07,1954-Mar-01,8flora
-1.309878077275936E+08,-3.450209615063564E+08,2.556177550885957E+07,1954-Apr-01,8flora
-8.575102615951990E+07,-3.542200708920223E+08,2.156872264266630E+07,1954-May-01,8flora
-3.735621237220585E+07,-3.568980613679327E+08,1.702745774683812E+07,1954-Jun-01,8flora
1.022444655457187E+07,-3.525067212221365E+08,1.229841573410413E+07,1954-Jul-01,8flora
5.916559884326539E+07,-3.404375063105762E+08,7.150174313271210E+06,1954-Aug-01,8flora
1.067410831930619E+08,-3.204999437703819E+08,1.837123349900395E+06,1954-Sep-01,8flora
1.502785406820661E+08,-2.936494454844103E+08,-3.348422819531724E+06,1954-Oct-01,8flora
1.913156270685825E+08,-2.582238833371863E+08,-8.616372173061654E+06,1954-Nov-01,8flora
2.258022377632169E+08,-2.168729385781798E+08,-1.347855929626025E+07,1954-Dec-01,8flora
2.545165513949762E+08,-1.675390906401268E+08,-1.808687223541266E+07,1955-Jan-01,8flora
2.746722283842604E+08,-1.125949940960377E+08,-2.208476487069288E+07,1955-Feb-01,8flora
2.843547792755860E+08,-5.943214502001844E+07,-2.501080357974266E+07,1955-Mar-01,8flora
2.846163722399603E+08,1.512377388833208E+06,-2.732507015443639E+07,1955-Apr-01,8flora
2.738123943578452E+08,6.042550797290449E+07,-2.850105735135888E+07,1955-May-01,8flora
2.511877006407655E+08,1.187080976217943E+08,-2.851880944152793E+07,1955-Jun-01,8flora
2.188401236526780E+08,1.701637838623379E+08,-2.734682419862546E+07,1955-Jul-01,8flora
1.759750195827008E+08,2.159159352558885E+08,-2.495092739911447E+07,1955-Aug-01,8flora
1.254868722032834E+08,2.522687230230436E+08,-2.147002752224813E+07,1955-Sep-01,8flora
7.159504923876707E+07,2.773398246908563E+08,-1.723837455504321E+07,1955-Oct-01,8flora
1.312317916484110E+07,2.922846179469923E+08,-1.218637884805487E+07,1955-Nov-01,8flora
-4.394336204458251E+07,2.962383420592610E+08,-6.856119479759395E+06,1955-Dec-01,8flora
-1.013577178162993E+08,2.900643920819989E+08,-1.111693883640304E+06,1956-Jan-01,8flora
-1.554586985401250E+08,2.744289764522918E+08,4.670365252517343E+06,1956-Feb-01,8flora
-2.018455667477816E+08,2.522913728125957E+08,9.956283175452948E+06,1956-Mar-01,8flora
-2.459414251306908E+08,2.218210794736958E+08,1.533554185393015E+07,1956-Apr-01,8flora
-2.825462804381987E+08,1.868443171257923E+08,2.016501215690716E+07,1956-May-01,8flora
-3.136440328751115E+08,1.462702050113981E+08,2.467615675129502E+07,1956-Jun-01,8flora
-3.369848784598725E+08,1.038431926304879E+08,2.851217276550900E+07,1956-Jul-01,8flora
-3.540298122820079E+08,5.783396584778403E+07,3.187833420871138E+07,1956-Aug-01,8flora
-3.639156041902533E+08,1.065482211508082E+07,3.460107615399413E+07,1956-Sep-01,8flora
-3.667891727348009E+08,-3.520839276269305E+07,3.660107562386052E+07,1956-Oct-01,8flora
-3.630465032879257E+08,-8.194798446774454E+07,3.799879811443967E+07,1956-Nov-01,8flora
-3.531840962308571E+08,-1.257819121851826E+08,3.869977621425775E+07,1956-Dec-01,8flora
-3.368633079860898E+08,-1.688876672167856E+08,3.875340223284994E+07,1957-Jan-01,8flora
-3.146845307276358E+08,-2.090606082320358E+08,3.813448853767460E+07,1957-Feb-01,8flora
-2.899675475512519E+08,-2.422647280981925E+08,3.701003622463241E+07,1957-Mar-01,8flora
-2.578466105978828E+08,-2.750283130205067E+08,3.515842297818314E+07,1957-Apr-01,8flora
-2.224745365961317E+08,-3.021831378164263E+08,3.278404317435519E+07,1957-May-01,8flora
-1.820495571331601E+08,-3.249794193296872E+08,2.976099608885166E+07,1957-Jun-01,8flora
-1.397713135561520E+08,-3.414388653399335E+08,2.632205862893263E+07,1957-Jul-01,8flora
-9.351047920966733E+07,-3.521617275019588E+08,2.228547595331094E+07,1957-Aug-01,8flora
-4.541910921636294E+07,-3.560325923229356E+08,1.781590532755619E+07,1957-Sep-01,8flora
2.024779802174125E+06,-3.528640955503342E+08,1.314413404509443E+07,1957-Oct-01,8flora
5.100897510293013E+07,-3.421135908124883E+08,8.039868245497644E+06,1957-Nov-01,8flora
9.732656633761491E+07,-3.242514774878437E+08,2.924495173819631E+06,1957-Dec-01,8flora
1.428469078912296E+08,-2.979885450708376E+08,-2.429756380173028E+06,1958-Jan-01,8flora
1.846228620623564E+08,-2.638789574899140E+08,-7.719249040869445E+06,1958-Feb-01,8flora
2.178997367986659E+08,-2.266002797630881E+08,-1.231209411920679E+07,1958-Mar-01,8flora
2.483727495609725E+08,-1.787539975938355E+08,-1.703256524821465E+07,1958-Apr-01,8flora
2.700690365756388E+08,-1.267985496167834E+08,-2.106502867036548E+07,1958-May-01,8flora
2.830209270904434E+08,-6.867258802491830E+07,-2.448997506478470E+07,1958-Jun-01,8flora
2.852768322387608E+08,-9.888100154673133E+06,-2.691321562110451E+07,1958-Jul-01,8flora
2.762400258491839E+08,5.123857220716370E+07,-2.834070971349724E+07,1958-Aug-01,8flora
2.554871781208584E+08,1.102059376774275E+08,-2.856287575492864E+07,1958-Sep-01,8flora
2.247676135491102E+08,1.627271504627560E+08,-2.758668161027920E+07,1958-Oct-01,8flora
1.832858650193136E+08,2.099264281369621E+08,-2.537802785405765E+07,1958-Nov-01,8flora
1.354984350466636E+08,2.469042088758628E+08,-2.218065526958945E+07,1958-Dec-01,8flora
8.048472621127951E+07,2.748045084789999E+08,-1.794922268727712E+07,1959-Jan-01,8flora
2.220991442420042E+07,2.915820532326151E+08,-1.298749442111863E+07,1959-Feb-01,8flora
-3.121469934362205E+07,2.971739138672700E+08,-8.071427202497602E+06,1959-Mar-01,8flora
-8.923224290335073E+07,2.932705761675779E+08,-2.358479497657433E+06,1959-Apr-01,8flora
-1.425715673239598E+08,2.802303408834547E+08,3.248325973234817E+06,1959-May-01,8flora
-1.933600268240893E+08,2.583114645162552E+08,8.943352810242623E+06,1959-Jun-01,8flora
-2.372905572471924E+08,2.301221711422944E+08,1.421547925519210E+07,1959-Jul-01,8flora
-2.765272792469381E+08,1.950622238080297E+08,1.929480241792554E+07,1959-Aug-01,8flora
-3.089957362509075E+08,1.552469343908746E+08,2.390290952844289E+07,1959-Sep-01,8flora
-3.336923378628103E+08,1.133417751413548E+08,2.784352827053734E+07,1959-Oct-01,8flora
-3.521423092630699E+08,6.766742516925982E+07,3.132591319145180E+07,1959-Nov-01,8flora
-3.631639103643480E+08,2.215887189667282E+07,3.408912996575984E+07,1959-Dec-01,8flora
-3.676021924202186E+08,-2.526518717444609E+07,3.629222653132091E+07,1960-Jan-01,8flora
-3.651695232334167E+08,-7.220169592542054E+07,3.781749273156453E+07,1960-Feb-01,8flora
-3.569048765337586E+08,-1.149288241195109E+08,3.862515140598125E+07,1960-Mar-01,8flora
-3.419679999165437E+08,-1.586050930521720E+08,3.882778585736867E+07,1960-Apr-01,8flora
-3.218454379084125E+08,-1.982385293179949E+08,3.838099916705190E+07,1960-May-01,8flora
-2.955954599012620E+08,-2.358071572896189E+08,3.726844539664792E+07,1960-Jun-01,8flora
-2.653375061026117E+08,-2.682863128545277E+08,3.558022744450061E+07,1960-Jul-01,8flora
-2.295472970011614E+08,-2.972456080723143E+08,3.322875222000712E+07,1960-Aug-01,8flora
-1.897147763526598E+08,-3.209518702562985E+08,3.029207841919638E+07,1960-Sep-01,8flora
-1.479058569393739E+08,-3.383728524296559E+08,2.692986322370715E+07,1960-Oct-01,8flora
-1.020107911933519E+08,-3.501663920121872E+08,2.296409546556389E+07,1960-Nov-01,8flora
-5.571648673548909E+07,-3.551270495319897E+08,1.870363504812710E+07,1960-Dec-01,8flora
-6.788091358195853E+06,-3.531717573583142E+08,1.393066395511341E+07,1961-Jan-01,8flora
4.227557694262086E+07,-3.436686020233946E+08,8.861442910240352E+06,1961-Feb-01,8flora
8.579071341801633E+07,-3.283814330666924E+08,4.108065199265361E+06,1961-Mar-01,8flora
1.319505396569301E+08,-3.039149858852150E+08,-1.243894133988366E+06,1961-Apr-01,8flora
1.733687673223450E+08,-2.727327884151787E+08,-6.392564015244126E+06,1961-May-01,8flora
2.113794537111074E+08,-2.330230931241989E+08,-1.153414520574020E+07,1961-Jun-01,8flora
2.420896902619449E+08,-1.878816455682386E+08,-1.617858705120180E+07,1961-Jul-01,8flora
2.660269925555359E+08,-1.352135240909669E+08,-2.045530229696625E+07,1961-Aug-01,8flora
2.805822485936505E+08,-7.777629328126571E+07,-2.401027390643587E+07,1961-Sep-01,8flora
2.845631561432077E+08,-1.935944339652415E+07,-2.658678558935225E+07,1961-Oct-01,8flora
2.774166358356508E+08,4.176011180905951E+07,-2.819658086908519E+07,1961-Nov-01,8flora
2.593517355964597E+08,9.928067597721307E+07,-2.862314277720404E+07,1961-Dec-01,8flora
2.295781353891913E+08,1.544724552717073E+08,-2.783845606319692E+07,1962-Jan-01,8flora
1.896638020074164E+08,2.028930264527080E+08,-2.582629313490108E+07,1962-Feb-01,8flora
1.463900999288826E+08,2.390750505477672E+08,-2.303224234583008E+07,1962-Mar-01,8flora
9.255830717815726E+07,2.694015069897846E+08,-1.900528226735966E+07,1962-Apr-01,8flora
3.678447361987761E+07,2.882755101699505E+08,-1.436215911768135E+07,1962-May-01,8flora
-2.227207482220882E+07,2.968107501285616E+08,-9.016135031964436E+06,1962-Jun-01,8flora
-7.871999544067223E+07,2.948476207672052E+08,-3.526565447788879E+06,1962-Jul-01,8flora
-1.344645932552674E+08,2.830743780828209E+08,2.263453849918261E+06,1962-Aug-01,8flora
-1.860631198347291E+08,2.625008335562823E+08,7.985658103576601E+06,1962-Sep-01,8flora
-2.309466193564648E+08,2.353991919824250E+08,1.330829766884489E+07,1962-Oct-01,8flora
-2.712889186360180E+08,2.012369598813059E+08,1.845985793748473E+07,1962-Nov-01,8flora
-3.039624855793698E+08,1.634224327566441E+08,2.301243291265453E+07,1962-Dec-01,8flora
-3.308174432858486E+08,1.206385115254993E+08,2.719287706260210E+07,1963-Jan-01,8flora
-3.504971214453855E+08,7.523290087216483E+07,3.078297785290513E+07,1963-Feb-01,8flora
-3.620906693916948E+08,3.286534093289611E+07,3.348320242893956E+07,1963-Mar-01,8flora
-3.681673050981122E+08,-1.462464675152402E+07,3.584587605676679E+07,1963-Apr-01,8flora
-3.674469761417590E+08,-6.032660450484373E+07,3.748918070064583E+07,1963-May-01,8flora
-3.601212976594680E+08,-1.064572616268163E+08,3.851454324366160E+07,1963-Jun-01,8flora
-3.469463550928683E+08,-1.493029949090269E+08,3.885536565684711E+07,1963-Jul-01,8flora
-3.273891705223138E+08,-1.910013497345523E+08,3.854056377866980E+07,1963-Aug-01,8flora
-3.021892625069634E+08,-2.293965972483214E+08,3.756032840482370E+07,1963-Sep-01,8flora
-2.728520596503518E+08,-2.627925530879630E+08,3.599559438525531E+07,1963-Oct-01,8flora
-2.379059880999838E+08,-2.928129101058507E+08,3.376593149716359E+07,1963-Nov-01,8flora
-2.001188732827547E+08,-3.169730496664132E+08,3.104391765153377E+07,1963-Dec-01,8flora
-1.575664701900913E+08,-3.363411061701648E+08,2.768485212661299E+07,1964-Jan-01,8flora
-1.121246891067979E+08,-3.495012727031789E+08,2.381574985104655E+07,1964-Feb-01,8flora
-6.767259196230814E+07,-3.557618156011080E+08,1.978306360701217E+07,1964-Mar-01,8flora
-1.888633063263645E+07,-3.555725254317926E+08,1.509256789227350E+07,1964-Apr-01,8flora
2.869267585883758E+07,-3.482759560482292E+08,1.025158843857412E+07,1964-May-01,8flora
7.719245720179641E+07,-3.331097338873909E+08,5.027266019942522E+06,1964-Jun-01,8flora
1.223677137157871E+08,-3.109017812008413E+08,-1.418229417430013E+05,1964-Jul-01,8flora
1.659394937777204E+08,-2.801755361381732E+08,-5.476226156514972E+06,1964-Aug-01,8flora
2.049215546747150E+08,-2.417679310485154E+08,-1.065788283939539E+07,1964-Sep-01,8flora
2.368317430275189E+08,-1.977678187960176E+08,-1.537020348545936E+07,1964-Oct-01,8flora
2.622749710731231E+08,-1.460873623899627E+08,-1.974947669240977E+07,1964-Nov-01,8flora
2.782122188149732E+08,-9.125612268087222E+07,-2.333417658008182E+07,1964-Dec-01,8flora
2.844397970861585E+08,-3.130264289204589E+07,-2.617857750640585E+07,1965-Jan-01,8flora
2.793371207655214E+08,2.986217567112788E+07,-2.798048560174484E+07,1965-Feb-01,8flora
2.646557473266719E+08,8.408035099675943E+07,-2.860233930484998E+07,1965-Mar-01,8flora
2.374987341563965E+08,1.405399076423782E+08,-2.811017103532854E+07,1965-Apr-01,8flora
2.012144058329649E+08,1.892855969080918E+08,-2.645237785799648E+07,1965-May-01,8flora
1.550006099590224E+08,2.314228470537138E+08,-2.359324763053553E+07,1965-Jun-01,8flora
1.038642765719186E+08,2.627068638137189E+08,-1.985446089719610E+07,1965-Jul-01,8flora
4.677746213826212E+07,2.842939201980658E+08,-1.518054000426808E+07,1965-Aug-01,8flora
-1.218203901667148E+07,2.947043844231288E+08,-9.907613390157551E+06,1965-Sep-01,8flora
-6.886780764363138E+07,2.944485367707864E+08,-4.453045860256284E+06,1965-Oct-01,8flora
-1.251385733133411E+08,2.842730117933000E+08,1.333741429867089E+06,1965-Nov-01,8flora
-1.758700064361398E+08,2.658429415892676E+08,6.898103601508826E+06,1965-Dec-01,8flora
-2.232438268382535E+08,2.391432014543628E+08,1.245020520147406E+07,1966-Jan-01,8flora
-2.646018498560917E+08,2.059577363319719E+08,1.766782431715974E+07,1966-Feb-01,8flora
-2.962788059178702E+08,1.714917365612959E+08,2.200363520791373E+07,1966-Mar-01,8flora
-3.247161663576152E+08,1.295119050121587E+08,2.631025941278801E+07,1966-Apr-01,8flora
-3.454254351407024E+08,8.613719664063674E+07,2.992701109566845E+07,1966-May-01,8flora
-3.597438493619022E+08,3.954390464661692E+07,3.305080111964437E+07,1966-Jun-01,8flora
-3.668142725787322E+08,-6.317340326579800E+06,3.545107835187656E+07,1966-Jul-01,8flora
-3.672660474740853E+08,-5.359364921664283E+07,3.726890443475998E+07,1966-Aug-01,8flora
-3.609837875512063E+08,-9.990020536092246E+07,3.840372758353326E+07,1966-Sep-01,8flora
-3.487699905879161E+08,-1.430353517100129E+08,3.885000517181113E+07,1966-Oct-01,8flora
-3.301475159346008E+08,-1.851484975737019E+08,3.864263651814080E+07,1966-Nov-01,8flora
-3.066843783979855E+08,-2.228707182625287E+08,3.780576270624252E+07,1966-Dec-01,8flora
-2.772442430414636E+08,-2.580744577914028E+08,3.630060228786845E+07,1967-Jan-01,8flora
-2.430068633860838E+08,-2.888220255694585E+08,3.416773825363131E+07,1967-Feb-01,8flora
-2.084082491812826E+08,-3.122694985057391E+08,3.172632475353344E+07,1967-Mar-01,8flora
-1.665851152720574E+08,-3.329215886952121E+08,2.848660406679422E+07,1967-Apr-01,8flora
-1.231970587028932E+08,-3.471111816206323E+08,2.485429660391612E+07,1967-May-01,8flora
-7.607281494324066E+07,-3.553005409770877E+08,2.063838071365066E+07,1967-Jun-01,8flora
-2.902667503684962E+07,-3.565412018372824E+08,1.616943214762144E+07,1967-Jul-01,8flora
2.016934422130467E+07,-3.505365057185846E+08,1.122253804268788E+07,1967-Aug-01,8flora
6.891858606686001E+07,-3.368233517771069E+08,6.029618243387595E+06,1967-Sep-01,8flora
1.145639562770312E+08,-3.160333599670833E+08,8.694277220975459E+05,1967-Oct-01,8flora
1.588792577338358E+08,-2.867484509457598E+08,-4.481367159357488E+06,1967-Nov-01,8flora
1.976770063331583E+08,-2.510226023714079E+08,-9.543816578339249E+06,1967-Dec-01,8flora
2.320618510707933E+08,-2.069117960389633E+08,-1.449671163140911E+07,1968-Jan-01,8flora
2.590964332233704E+08,-1.562746745484643E+08,-1.898839772508261E+07,1968-Feb-01,8flora
2.763812662008797E+08,-1.040554120208896E+08,-2.260329728027556E+07,1968-Mar-01,8flora
2.850159012556422E+08,-4.460489103423232E+07,-2.565844196857797E+07,1968-Apr-01,8flora
2.827403615302910E+08,1.458762753657803E+07,-2.765633746538581E+07,1968-May-01,8flora
2.688892495295534E+08,7.510318889714399E+07,-2.859221286273328E+07,1968-Jun-01,8flora
2.444739479571260E+08,1.305915059939303E+08,-2.832533316063400E+07,1968-Jul-01,8flora
2.087014107694322E+08,1.822370768729033E+08,-2.682382032384124E+07,1968-Aug-01,8flora
1.637547938695599E+08,2.258471764218931E+08,-2.414026099089258E+07,1968-Sep-01,8flora
1.135037277145429E+08,2.587619659283576E+08,-2.054663053145728E+07,1968-Oct-01,8flora
5.695048643678622E+07,2.821417006613376E+08,-1.599050220405303E+07,1968-Nov-01,8flora
5.143524517143914E+04,2.941316501495345E+08,-1.097446091822343E+07,1968-Dec-01,8flora
-5.872453572902811E+07,2.957643331312265E+08,-5.390088032669097E+06,1969-Jan-01,8flora
-1.154752866151218E+08,2.871734014903216E+08,3.828210841088295E+05,1969-Feb-01,8flora
-1.636038042201670E+08,2.714876028713627E+08,5.593387265322298E+06,1969-Mar-01,8flora
-2.122245093707672E+08,2.464701409194636E+08,1.120087520166557E+07,1969-Apr-01,8flora
-2.537319380759107E+08,2.157889418804112E+08,1.633731851806916E+07,1969-May-01,8flora
-2.902405800947815E+08,1.786685660928333E+08,2.123484518347181E+07,1969-Jun-01,8flora
-3.190002786923264E+08,1.386799851516576E+08,2.549546383923670E+07,1969-Jul-01,8flora
-3.417085137055837E+08,9.431839759448797E+07,2.933854625097587E+07,1969-Aug-01,8flora
-3.572235065566677E+08,4.796609811380640E+07,3.256510554498396E+07,1969-Sep-01,8flora
-3.654385197601928E+08,2.181851176529041E+06,3.506898111021851E+07,1969-Oct-01,8flora
-3.670454893184214E+08,-4.516391854579782E+07,3.699632461516823E+07,1969-Nov-01,8flora
-3.621490612312727E+08,-9.020081095915754E+07,3.821218595797426E+07,1969-Dec-01,8flora
-3.507004130720476E+08,-1.351413858322779E+08,3.879465974464837E+07,1970-Jan-01,8flora
-3.330927258575370E+08,-1.777109398528367E+08,3.869631407178527E+07,1970-Feb-01,8flora
-3.122156855310526E+08,-2.135338412164044E+08,3.803104174165260E+07,1970-Mar-01,8flora
-2.839926108316140E+08,-2.496719610149780E+08,3.667144469924863E+07,1970-Apr-01,8flora
-2.520031314802191E+08,-2.805437241105815E+08,3.475262609762044E+07,1970-May-01,8flora
-2.146282816986893E+08,-3.076232035487927E+08,3.217422702310380E+07,1970-Jun-01,8flora
-1.748240671646294E+08,-3.286328888227633E+08,2.913516068102416E+07,1970-Jul-01,8flora
-1.305692572510292E+08,-3.444500521958119E+08,2.547408525120978E+07,1970-Aug-01,8flora
-8.385709301159553E+07,-3.537815400449648E+08,2.133423852403103E+07,1970-Sep-01,8flora
-3.707701531768616E+07,-3.562059473926120E+08,1.692953944289677E+07,1970-Oct-01,8flora
1.200171307179287E+07,-3.514965786978352E+08,1.203720100880510E+07,1970-Nov-01,8flora
5.925859328895243E+07,-3.396587363147300E+08,7.053426127084911E+06,1970-Dec-01,8flora
1.067282467916327E+08,-3.196961825596152E+08,1.745484350232139E+06,1971-Jan-01,8flora
1.515515300371262E+08,-2.918129955168249E+08,-3.604216014759734E+06,1971-Feb-01,8flora
1.886004508530821E+08,-2.599275881819164E+08,-8.356404414591506E+06,1971-Mar-01,8flora
2.244327715733713E+08,-2.175609682996059E+08,-1.338344783315688E+07,1971-Apr-01,8flora
2.524999065613477E+08,-1.701325143667134E+08,-1.785347503166711E+07,1971-May-01,8flora
2.731719313028402E+08,-1.155368990103862E+08,-2.188076374138573E+07,1971-Jun-01,8flora
2.838007131598541E+08,-5.871467163657624E+07,-2.502618888116503E+07,1971-Jul-01,8flora
2.839995817561076E+08,2.207894896397704E+06,-2.732267607933362E+07,1971-Aug-01,8flora
2.725841676606832E+08,6.304243295470581E+07,-2.849990107832428E+07,1971-Sep-01,8flora
2.504433732293513E+08,1.193834976668465E+08,-2.847864513281930E+07,1971-Oct-01,8flora
2.167736156239532E+08,1.724390603395488E+08,-2.722691069548998E+07,1971-Nov-01,8flora
1.750587227485157E+08,2.165754010715686E+08,-2.486889511368366E+07,1971-Dec-01,8flora
1.244631219461963E+08,2.529017682103869E+08,-2.136586170988894E+07,1972-Jan-01,8flora
6.860273263539274E+07,2.785813314506984E+08,-1.695924780983797E+07,1972-Feb-01,8flora
1.378765134030375E+07,2.924933665340861E+08,-1.221341369881594E+07,1972-Mar-01,8flora
-4.528450658064499E+07,2.966592835368248E+08,-6.694595368695393E+06,1972-Apr-01,8flora
-1.009684056515328E+08,2.907274273870609E+08,-1.124129399187565E+06,1972-May-01,8flora
-1.552570390013729E+08,2.752527635409846E+08,4.668632601832315E+06,1972-Jun-01,8flora
-2.033528167666083E+08,2.523471653033020E+08,1.014391392247607E+07,1972-Jul-01,8flora
-2.474546219940280E+08,2.217458773479894E+08,1.552276279072811E+07,1972-Aug-01,8flora
-2.851530326884253E+08,1.853995149851774E+08,2.050085097135799E+07,1972-Sep-01,8flora
-3.151012924274794E+08,1.459597776182176E+08,2.484978393903817E+07,1972-Oct-01,8flora
-3.390477956593748E+08,1.019759163324358E+08,2.879162139823570E+07,1972-Nov-01,8flora
-3.553621990887054E+08,5.733804311059408E+07,3.202453296703596E+07,1972-Dec-01,8flora
-3.651666862516246E+08,1.008745037707474E+07,3.472937416342123E+07,1973-Jan-01,8flora
-3.679357531865837E+08,-3.735368325722199E+07,3.676524504116949E+07,1973-Feb-01,8flora
-3.645664609843363E+08,-7.962757607322294E+07,3.801844550319777E+07,1973-Mar-01,8flora
-3.545905232658237E+08,-1.250344409126781E+08,3.875356823306392E+07,1973-Apr-01,8flora
-3.389865502445484E+08,-1.668809242722133E+08,3.881493593760297E+07,1973-May-01,8flora
-3.170799701175076E+08,-2.072584254547577E+08,3.821569934920753E+07,1973-Jun-01,8flora
-2.906769193832703E+08,-2.429333104618677E+08,3.700879073364650E+07,1973-Jul-01,8flora
-2.584728858875239E+08,-2.756630692777356E+08,3.513435622084859E+07,1973-Aug-01,8flora
-2.217802283852173E+08,-3.035923290154682E+08,3.264928673523656E+07,1973-Sep-01,8flora
-1.825381860383316E+08,-3.255088772651328E+08,2.969473728047599E+07,1973-Oct-01,8flora
-1.387517073451134E+08,-3.423450329280925E+08,2.611368114519067E+07,1973-Nov-01,8flora
-9.390858277914308E+07,-3.525404979367603E+08,2.218315623652504E+07,1973-Dec-01,8flora
-4.579436674569605E+07,-3.563206032964404E+08,1.769865599060065E+07,1974-Jan-01,8flora
3.240199219162719E+06,-3.528276739961905E+08,1.285413316052495E+07,1974-Feb-01,8flora
4.748618173155446E+07,-3.431396953363931E+08,8.238664694485366E+06,1974-Mar-01,8flora
9.539031699733341E+07,-3.249612098129292E+08,2.954468613697261E+06,1974-Apr-01,8flora
1.395276029494163E+08,-2.998192550550457E+08,-2.227626493182674E+06,1974-May-01,8flora
1.815033432119305E+08,-2.661162348153811E+08,-7.521622076716721E+06,1974-Jun-01,8flora
2.172266067803622E+08,-2.263294840505680E+08,-1.244172908546129E+07,1974-Jul-01,8flora
2.475650528636111E+08,-1.784266948537327E+08,-1.714727084394693E+07,1974-Aug-01,8flora
2.696816243775818E+08,-1.246317542715132E+08,-2.128247732903721E+07,1974-Sep-01,8flora
2.818959338546628E+08,-6.833018345281228E+07,-2.455940694085516E+07,1974-Oct-01,8flora
2.838720587447900E+08,-7.622198205849228E+06,-2.701679255080382E+07,1974-Nov-01,8flora
2.747869397346349E+08,5.142786625933231E+07,-2.834911251252451E+07,1974-Dec-01,8flora
2.538943287898211E+08,1.102504633504248E+08,-2.853818199264487E+07,1975-Jan-01,8flora
2.218774875651058E+08,1.642374555391544E+08,-2.747766980680718E+07,1975-Feb-01,8flora
1.844701853857765E+08,2.068194034747576E+08,-2.547331099310950E+07,1975-Mar-01,8flora
1.354111809345451E+08,2.452918860702939E+08,-2.219597122086252E+07,1975-Apr-01,8flora
8.239712484407490E+07,2.726008002537644E+08,-1.812185587279679E+07,1975-May-01,8flora
2.430951390181597E+07,2.899038748152653E+08,-1.318676735282730E+07,1975-Jun-01,8flora
-3.285057121262481E+07,2.960640053531873E+08,-7.924868342026651E+06,1975-Jul-01,8flora
-9.077349290711483E+07,2.919976055963395E+08,-2.207981205567062E+06,1975-Aug-01,8flora
-1.457202699287918E+08,2.782324197994798E+08,3.584948289079621E+06,1975-Sep-01,8flora
-1.946852776923048E+08,2.567671173969045E+08,9.090542660775751E+06,1975-Oct-01,8flora
-2.398641792710692E+08,2.274167298131635E+08,1.452665874825832E+07,1975-Nov-01,8flora
-2.776159072384512E+08,1.932972973854228E+08,1.942717606633422E+07,1975-Dec-01,8flora
-3.099585050243119E+08,1.533848534866716E+08,2.402420697934766E+07,1976-Jan-01,8flora
-3.352329910210367E+08,1.099500507594531E+08,2.807362260909850E+07,1976-Feb-01,8flora
-3.523676131647609E+08,6.714290294315438E+07,3.131757005164847E+07,1976-Mar-01,8flora
-3.637345123229071E+08,2.006387919946015E+07,3.416683476789458E+07,1976-Apr-01,8flora
-3.680014603184436E+08,-2.589169746416804E+07,3.629206017175605E+07,1976-May-01,8flora
-3.656423995050074E+08,-7.290662097145711E+07,3.782026917179559E+07,1976-Jun-01,8flora
-3.570529358843040E+08,-1.171676411995843E+08,3.864715515696073E+07,1976-Jul-01,8flora
-3.419689872932145E+08,-1.608683358600554E+08,3.882924398255067E+07,1976-Aug-01,8flora
-3.209378478403661E+08,-2.017813691059935E+08,3.833599759122089E+07,1976-Sep-01,8flora
-2.953117140940942E+08,-2.380774418012862E+08,3.722905431852380E+07,1976-Oct-01,8flora
-2.638299992064997E+08,-2.715489299037299E+08,3.545424494799390E+07,1976-Nov-01,8flora
-2.289985635031455E+08,-2.994668738497283E+08,3.315045054002231E+07,1976-Dec-01,8flora
-1.890446230090226E+08,-3.231275260365918E+08,3.019579480620740E+07,1977-Jan-01,8flora
-1.456846919496777E+08,-3.409717872739983E+08,2.669700392734483E+07,1977-Feb-01,8flora
-1.041735874096121E+08,-3.516605606490881E+08,2.310885077176015E+07,1977-Mar-01,8flora
-5.633389314313554E+07,-3.570459937780303E+08,1.871507258808158E+07,1977-Apr-01,8flora
-8.950594129014371E+06,-3.554185792145538E+08,1.410359175213490E+07,1977-May-01,8flora
4.018306944138701E+07,-3.463231400308099E+08,9.045534829231232E+06,1977-Jun-01,8flora
8.687524872815765E+07,-3.301030246768841E+08,3.956345619725987E+06,1977-Jul-01,8flora
1.330479850716870E+08,-3.055490764280607E+08,-1.393598763054237E+06,1977-Aug-01,8flora
1.757741317370102E+08,-2.731198376229026E+08,-6.706002504262179E+06,1977-Sep-01,8flora
2.124607798722724E+08,-2.345013594122664E+08,-1.166891668302792E+07,1977-Oct-01,8flora
2.440506960024715E+08,-1.876841743905655E+08,-1.644770172219856E+07,1977-Nov-01,8flora
2.670539425779943E+08,-1.365714055393482E+08,-2.056161830280711E+07,1977-Dec-01,8flora
2.815735227527359E+08,-7.908953698834063E+07,-2.409771408437532E+07,1978-Jan-01,8flora
2.854672923436643E+08,-1.866759940702090E+07,-2.672235444525905E+07,1978-Feb-01,8flora
2.791489076714549E+08,3.658023462913054E+07,-2.817296610522202E+07,1978-Mar-01,8flora
2.610059763225953E+08,9.616327059991646E+07,-2.864868284353733E+07,1978-Apr-01,8flora
2.326612866335552E+08,1.498354446561180E+08,-2.792370889975425E+07,1978-May-01,8flora
1.933171081371441E+08,1.987420060916818E+08,-2.596391135216005E+07,1978-Jun-01,8flora
1.471660002887087E+08,2.377669199795106E+08,-2.298156940098804E+07,1978-Jul-01,8flora
9.331486302083310E+07,2.680434033752640E+08,-1.893293687039149E+07,1978-Aug-01,8flora
3.564172933691366E+07,2.873025631911928E+08,-1.410615857418773E+07,1978-Sep-01,8flora
-2.150659048620089E+07,2.953192940987257E+08,-8.910650026589498E+06,1978-Oct-01,8flora
-7.976788205493352E+07,2.930497437518618E+08,-3.224513625079721E+06,1978-Nov-01,8flora
-1.336095407015950E+08,2.814358303581955E+08,2.385263544394508E+06,1978-Dec-01,8flora
-1.851305699052194E+08,2.607974117584568E+08,8.108617012827069E+06,1979-Jan-01,8flora
-2.313183542446279E+08,2.326339209284674E+08,1.360001346975413E+07,1979-Feb-01,8flora
-2.677538272501743E+08,2.018207140313801E+08,1.825272042557883E+07,1979-Mar-01,8flora
-3.017260004058985E+08,1.629488623929240E+08,2.296937603960329E+07,1979-Apr-01,8flora
-3.279226802189106E+08,1.217018080022345E+08,2.702722200031314E+07,1979-May-01,8flora
-3.479337111486306E+08,7.646421931704305E+07,3.063942978344095E+07,1979-Jun-01,8flora
-3.604508162607504E+08,3.116244990750242E+07,3.353372254617417E+07,1979-Jul-01,8flora
-3.663982738430223E+08,-1.625175593723607E+07,3.587545299690782E+07,1979-Aug-01,8flora
-3.654221062109426E+08,-6.336796833373018E+07,3.754066077727458E+07,1979-Sep-01,8flora
-3.581197628718395E+08,-1.078797948742123E+08,3.850070443946976E+07,1979-Oct-01,8flora
-3.443030768364216E+08,-1.519874265052603E+08,3.881969009302241E+07,1979-Nov-01,8flora
-3.251958977077879E+08,-1.921600549537251E+08,3.848345050813226E+07,1979-Dec-01,8flora
-2.999168717124735E+08,-2.304041156235481E+08,3.748224920324908E+07,1980-Jan-01,8flora
-2.694569399594792E+08,-2.646828970278704E+08,3.583531520821426E+07,1980-Feb-01,8flora
-2.367126085312811E+08,-2.926134232153645E+08,3.373202044808379E+07,1980-Mar-01,8flora
-1.976888829562617E+08,-3.174928219130073E+08,3.091166817833620E+07,1980-Apr-01,8flora
-1.565300608919765E+08,-3.361597905606546E+08,2.765444867593323E+07,1980-May-01,8flora
-1.111530592393105E+08,-3.493484099831787E+08,2.378769370309246E+07,1980-Jun-01,8flora
-6.519250182459614E+07,-3.557547827219748E+08,1.961193218576039E+07,1980-Jul-01,8flora
-1.641284920168846E+07,-3.553800731611887E+08,1.491251951288907E+07,1980-Aug-01,8flora
3.272794816360778E+07,-3.475281138781628E+08,9.899633914699256E+06,1980-Sep-01,8flora
7.961514448349741E+07,-3.325437782341123E+08,4.837329346368790E+06,1980-Oct-01,8flora
1.262044513104261E+08,-3.092732548298916E+08,-5.052191713710725E+05,1980-Nov-01,8flora
1.682501355988119E+08,-2.792251364572325E+08,-5.663913509596810E+06,1980-Dec-01,8flora
2.071444498041127E+08,-2.406204435353726E+08,-1.083874909814616E+07,1981-Jan-01,8flora
2.398891396702065E+08,-1.948520092246169E+08,-1.568976324257489E+07,1981-Feb-01,8flora
2.628744581790524E+08,-1.480799203926189E+08,-1.964061578362964E+07,1981-Mar-01,8flora
2.796395030313724E+08,-9.146411694541144E+07,-2.336063851822698E+07,1981-Apr-01,8flora
2.859815327935652E+08,-3.341259888147122E+07,-2.613277028862415E+07,1981-May-01,8flora
2.813957469843448E+08,2.785213557783264E+07,-2.797470441723333E+07,1981-Jun-01,8flora
2.657899256944322E+08,8.606033182190818E+07,-2.864396287522739E+07,1981-Jul-01,8flora
2.383787185375716E+08,1.425196647049749E+08,-2.811378555696229E+07,1981-Aug-01,8flora
2.004915162676831E+08,1.927063234068581E+08,-2.634333790275510E+07,1981-Sep-01,8flora
1.554375525380853E+08,2.332361010850887E+08,-2.352447908745847E+07,1981-Oct-01,8flora
1.023480024855531E+08,2.652391331407613E+08,-1.961583003244592E+07,1981-Nov-01,8flora
4.693638405445259E+07,2.857868204115673E+08,-1.505724982618576E+07,1981-Dec-01,8flora
-1.208801013804429E+07,2.960136324747447E+08,-9.766998212545931E+06,1982-Jan-01,8flora
-7.065260041086046E+07,2.954033984897985E+08,-4.117171342534900E+06,1982-Feb-01,8flora
-1.215170349567162E+08,2.861969771625122E+08,1.113043640413254E+06,1982-Mar-01,8flora
-1.741064023572846E+08,2.674220504525400E+08,6.865441439704761E+06,1982-Apr-01,8flora
-2.201459498641447E+08,2.418027563070664E+08,1.224344435812543E+07,1982-May-01,8flora
-2.618247659428539E+08,2.089053226372631E+08,1.747351487498397E+07,1982-Jun-01,8flora
-2.958807588109993E+08,1.720655289034299E+08,2.211792903411234E+07,1982-Jul-01,8flora
-3.242161249083542E+08,1.300457622029115E+08,2.640551670453171E+07,1982-Aug-01,8flora
-3.453971831344312E+08,8.517397072756049E+07,3.011177415767272E+07,1982-Sep-01,8flora
-3.590451045450135E+08,4.006493438637111E+07,3.310288723903724E+07,1982-Oct-01,8flora
-3.661433308220400E+08,-7.305240167315347E+06,3.554866730146097E+07,1982-Nov-01,8flora
-3.663881875876447E+08,-5.301220327685858E+07,3.727377089543377E+07,1982-Dec-01,8flora
-3.600269460184430E+08,-9.926512851849791E+07,3.838414614363747E+07,1983-Jan-01,8flora
-3.472366509281502E+08,-1.437350142007979E+08,3.881004158556227E+07,1983-Feb-01,8flora
-3.304469749595165E+08,-1.817493057978414E+08,3.861103483119053E+07,1983-Mar-01,8flora
-3.064228065160654E+08,-2.208104786057869E+08,3.775532850536443E+07,1983-Apr-01,8flora
-2.781352273767965E+08,-2.549830061275364E+08,3.630754141754299E+07,1983-May-01,8flora
-2.441717772547409E+08,-2.859365675114357E+08,3.419395013936175E+07,1983-Jun-01,8flora
-2.072253965669050E+08,-3.111210877384370E+08,3.157851569314668E+07,1983-Jul-01,8flora
-1.654143171759484E+08,-3.316673232468263E+08,2.832232102870697E+07,1983-Aug-01,8flora
-1.205685093738231E+08,-3.461207004916590E+08,2.454716137784968E+07,1983-Sep-01,8flora
-7.497954637387048E+07,-3.538413918130429E+08,2.044961361603968E+07,1983-Oct-01,8flora
-2.641900379424967E+07,-3.549090918943360E+08,1.581830189278190E+07,1983-Nov-01,8flora
2.110890429371353E+07,-3.488960773177381E+08,1.102247990369594E+07,1983-Dec-01,8flora
6.975133760312766E+07,-3.351085347673721E+08,5.829786126216248E+06,1984-Jan-01,8flora
1.167548008086224E+08,-3.134401043340892E+08,5.011469592535049E+05,1984-Feb-01,8flora
1.580899511228997E+08,-2.860091289814785E+08,-4.496913499263927E+06,1984-Mar-01,8flora
1.981127876845933E+08,-2.492022274469205E+08,-9.718026614206254E+06,1984-Apr-01,8flora
2.313522685796901E+08,-2.066326510437966E+08,-1.450132912600714E+07,1984-May-01,8flora
2.585063016847566E+08,-1.562260910151124E+08,-1.899127424329080E+07,1984-Jun-01,8flora
2.764074008477581E+08,-1.023390808833838E+08,-2.272092968764471E+07,1984-Jul-01,8flora
2.849313569881859E+08,-4.296266910597128E+07,-2.575328141331089E+07,1984-Aug-01,8flora
2.823040970907544E+08,1.812405833627968E+07,-2.777697796498132E+07,1984-Sep-01,8flora
2.686506610934278E+08,7.658662607294206E+07,-2.864261948189087E+07,1984-Oct-01,8flora
2.431897492623912E+08,1.337738367280055E+08,-2.832544608293401E+07,1984-Nov-01,8flora
2.083659491745092E+08,1.835949570561460E+08,-2.683367116262845E+07,1984-Dec-01,8flora
1.633710894947116E+08,2.271599292568388E+08,-2.413108200640747E+07,1985-Jan-01,8flora
1.112985735977461E+08,2.609624691300364E+08,-2.038456853890985E+07,1985-Feb-01,8flora
6.018961772302134E+07,2.822074812474046E+08,-1.626309302634124E+07,1985-Mar-01,8flora
1.376917843559012E+06,2.950881698932040E+08,-1.108980720245600E+07,1985-Apr-01,8flora
-5.563721786827917E+07,2.971045660795859E+08,-5.685061988766044E+06,1985-May-01,8flora
-1.126553886242968E+08,2.890648219771292E+08,9.421982263429463E+04,1985-Jun-01,8flora
-1.644221416322517E+08,2.724430588396590E+08,5.687989257676363E+06,1985-Jul-01,8flora
-2.131045640346553E+08,2.473179474412471E+08,1.130152138444826E+07,1985-Aug-01,8flora
-2.559386562685027E+08,2.154029880908712E+08,1.660534851201938E+07,1985-Sep-01,8flora
-2.911914292737414E+08,1.792864154884836E+08,2.133659461903731E+07,1985-Oct-01,8flora
-3.208039924861771E+08,1.377930585216249E+08,2.572546794154122E+07,1985-Nov-01,8flora
-3.426591893421496E+08,9.471432958893238E+07,2.942747095324280E+07,1985-Dec-01,8flora
-3.581499165538576E+08,4.826264209138140E+07,3.264288993717013E+07,1986-Jan-01,8flora
-3.664874032467104E+08,8.605014974447917E+05,3.520582140621790E+07,1986-Feb-01,8flora
-3.679946112068863E+08,-4.198064628165027E+07,3.694249642290075E+07,1986-Mar-01,8flora
-3.632018755087494E+08,-8.863261324250117E+07,3.821491911921223E+07,1986-Apr-01,8flora
-3.523593242383696E+08,-1.322583187045911E+08,3.879307600788668E+07,1986-May-01,8flora
-3.350729550118777E+08,-1.750281227999793E+08,3.871967546191380E+07,1986-Jun-01,8flora
-3.128172779290284E+08,-2.135216382444653E+08,3.800940911857162E+07,1986-Jul-01,8flora
-2.845286557544897E+08,-2.496551752318529E+08,3.663114440179805E+07,1986-Aug-01,8flora
-2.513362071727838E+08,-2.814614514480869E+08,3.462034787126988E+07,1986-Sep-01,8flora
-2.150446470848443E+08,-3.075575644418668E+08,3.209919299406478E+07,1986-Oct-01,8flora
-1.738063419949092E+08,-3.291305796767180E+08,2.893403468224134E+07,1986-Nov-01,8flora
-1.308898813155910E+08,-3.442891668660686E+08,2.536897375926279E+07,1986-Dec-01,8flora
-8.414266020621328E+07,-3.535570382381098E+08,2.121636925360371E+07,1987-Jan-01,8flora
-3.576271897902110E+07,-3.558735540875975E+08,1.664821581005009E+07,1987-Feb-01,8flora
8.578877081073072E+06,-3.516598105319478E+08,1.222572255712430E+07,1987-Mar-01,8flora
5.744061366191343E+07,-3.397178416467855E+08,7.080965477457523E+06,1987-Apr-01,8flora
1.034524361462254E+08,-3.206845553161051E+08,1.946629904440582E+06,1987-May-01,8flora
1.484455277063099E+08,-2.932215588858171E+08,-3.403246175872371E+06,1987-Jun-01,8flora
1.882181926919220E+08,-2.592159006938250E+08,-8.494282269257158E+06,1987-Jul-01,8flora
2.239635744112083E+08,-2.167700074942923E+08,-1.351185459549488E+07,1987-Aug-01,8flora
2.527262578354512E+08,-1.675961185874561E+08,-1.810796603610147E+07,1987-Sep-01,8flora
2.724615005425631E+08,-1.146348332117215E+08,-2.197652546649489E+07,1987-Oct-01,8flora
2.831185030909871E+08,-5.585169909944968E+07,-2.518831366079009E+07,1987-Nov-01,8flora
2.829726295963523E+08,3.114625788230717E+06,-2.736765927457839E+07,1987-Dec-01,8flora
2.713850834346842E+08,6.389366772734476E+07,-2.851369408526110E+07,1988-Jan-01,8flora
2.481597646662590E+08,1.219419405988801E+08,-2.843851341360891E+07,1988-Feb-01,8flora
2.165216309817439E+08,1.714548803549039E+08,-2.723644174458038E+07,1988-Mar-01,8flora
1.734524539186892E+08,2.170208515542310E+08,-2.478777309780068E+07,1988-Apr-01,8flora
1.245202834343799E+08,2.521437142890897E+08,-2.138657356063938E+07,1988-May-01,8flora
6.877181437368552E+07,2.779676094344623E+08,-1.698371603259780E+07,1988-Jun-01,8flora
1.212461289434113E+07,2.923318700938336E+08,-1.206817565003233E+07,1988-Jul-01,8flora
-4.687914773217520E+07,2.963005553168351E+08,-6.539303125084251E+06,1988-Aug-01,8flora
-1.042716408578813E+08,2.898348897648202E+08,-7.773986156757623E+05,1988-Sep-01,8flora
-1.566257397341590E+08,2.745687413346075E+08,4.827063121792302E+06,1988-Oct-01,8flora
-2.060922799219050E+08,2.506511939164436E+08,1.047546279253733E+07,1988-Nov-01,8flora
-2.485267510497216E+08,2.208339195016332E+08,1.566675481484982E+07,1988-Dec-01,8flora
-2.860623695104964E+08,1.844070110253801E+08,2.063257958229874E+07,1989-Jan-01,8flora
-3.167292768100646E+08,1.435339395482594E+08,2.510298485335605E+07,1989-Feb-01,8flora
-3.383134133307174E+08,1.038006065194357E+08,2.865723373280092E+07,1989-Mar-01,8flora
-3.553549110120262E+08,5.773240964272981E+07,3.201011798596829E+07,1989-Apr-01,8flora
-3.650177214791517E+08,1.202462678469218E+07,3.463980246833378E+07,1989-May-01,8flora
-3.680734611395093E+08,-3.542942797526772E+07,3.669889881324867E+07,1989-Jun-01,8flora
-3.645205550179808E+08,-8.073746096798366E+07,3.804249701885055E+07,1989-Jul-01,8flora
-3.543887219181958E+08,-1.261167703863092E+08,3.875595870275749E+07,1989-Aug-01,8flora
-3.380153633982626E+08,-1.692747724968095E+08,3.878648468225761E+07,1989-Sep-01,8flora
-3.165822962475067E+08,-2.082500125362577E+08,3.817480916485127E+07,1989-Oct-01,8flora
-2.890726423322639E+08,-2.449844987528534E+08,3.689539280903617E+07,1989-Nov-01,8flora
-2.576992925308791E+08,-2.765142663420944E+08,3.505084416907981E+07,1989-Dec-01,8flora
-2.208773042311025E+08,-3.043525780894603E+08,3.254504914979878E+07,1990-Jan-01,8flora
-1.801511115159659E+08,-3.268029252196601E+08,2.946347393963031E+07,1990-Feb-01,8flora
-1.405426276321075E+08,-3.419976901800912E+08,2.621962541975370E+07,1990-Mar-01,8flora
-9.422071307966976E+07,-3.527243483995095E+08,2.216412610853808E+07,1990-Apr-01,8flora
-4.764750106760547E+07,-3.565798840445036E+08,1.782907105829212E+07,1990-May-01,8flora
1.413962511489436E+06,-3.534192852025960E+08,1.299400984747589E+07,1990-Jun-01,8flora
4.886556527225354E+07,-3.431304246758487E+08,8.048878124875873E+06,1990-Jul-01,8flora
9.677882200024094E+07,-3.247957466198409E+08,2.760436998148873E+06,1990-Aug-01,8flora
1.423168718343022E+08,-2.985346387791589E+08,-2.594037547053859E+06,1990-Sep-01,8flora
1.828288412563249E+08,-2.656569157167792E+08,-7.710929189354241E+06,1990-Oct-01,8flora
2.195704704126787E+08,-2.242980885622743E+08,-1.278018662455478E+07,1990-Nov-01,8flora
2.487244445047443E+08,-1.777313226457015E+08,-1.731309680833078E+07,1990-Dec-01,8flora
2.707264384954766E+08,-1.238535654937129E+08,-2.142958351389272E+07,1991-Jan-01,8flora
2.830532477520991E+08,-6.557048729671004E+07,-2.477901508942482E+07,1991-Feb-01,8flora
2.848928174066120E+08,-1.072337209361974E+07,-2.699210864605651E+07,1991-Mar-01,8flora
2.759517052243611E+08,5.032472205505791E+07,-2.839832565109887E+07,1991-Apr-01,8flora
2.561700001045094E+08,1.073909253291441E+08,-2.861380267009416E+07,1991-May-01,8flora
2.247523609470562E+08,1.617211073285016E+08,-2.760819813605139E+07,1991-Jun-01,8flora
1.849017825601873E+08,2.075379061736044E+08,-2.547510652701950E+07,1991-Jul-01,8flora
1.357963271964332E+08,2.459522696288187E+08,-2.217662341954425E+07,1991-Aug-01,8flora
8.091835870621878E+07,2.739370263178451E+08,-1.793535020685150E+07,1991-Sep-01,8flora
2.464932296511833E+07,2.904545247293351E+08,-1.313429967538762E+07,1991-Oct-01,8flora
-3.441339780835812E+07,2.965943547498801E+08,-7.678931985737607E+06,1991-Nov-01,8flora
-9.043581832638870E+07,2.924518537121560E+08,-2.134149650411189E+06,1991-Dec-01,8flora
-1.453709725790976E+08,2.786429932973766E+08,3.665111008390576E+06,1992-Jan-01,8flora
-1.958647575021599E+08,2.562981507194932E+08,9.354092220451862E+06,1992-Feb-01,8flora
-2.381078780936859E+08,2.288022500017544E+08,1.444046436309864E+07,1992-Mar-01,8flora
-2.771894651726090E+08,1.936066673981918E+08,1.950858038759039E+07,1992-Apr-01,8flora
-3.085606342313126E+08,1.550226662992478E+08,2.396051661658738E+07,1992-May-01,8flora
-3.340230053231284E+08,1.116715848239226E+08,2.802079562573110E+07,1992-Jun-01,8flora
-3.518170531640753E+08,6.741975159039798E+07,3.137645748916214E+07,1992-Jul-01,8flora
-3.631380830988266E+08,2.035260008302569E+07,3.421358876735672E+07,1992-Aug-01,8flora
-3.673909489949093E+08,-2.710618334713926E+07,3.638489414526746E+07,1992-Sep-01,8flora
-3.649628831360754E+08,-7.255457418184856E+07,3.783846644866926E+07,1992-Oct-01,8flora
-3.559494545461528E+08,-1.182087059995535E+08,3.866579673473059E+07,1992-Nov-01,8flora
-3.412303182756332E+08,-1.603998774245299E+08,3.881538716219001E+07,1992-Dec-01,8flora
-3.201833561591693E+08,-2.012353837795951E+08,3.830563493089510E+07,1993-Jan-01,8flora
-2.936145528557914E+08,-2.385905858593739E+08,3.713529194306365E+07,1993-Feb-01,8flora
-2.652542464704092E+08,-2.688046624427224E+08,3.552751659459643E+07,1993-Mar-01,8flora
-2.294945572128123E+08,-2.977907475218152E+08,3.316216492572591E+07,1993-Apr-01,8flora
-1.910381377859535E+08,-3.208465710913886E+08,3.031729974666315E+07,1993-May-01,8flora
-1.479278877679802E+08,-3.389751649375726E+08,2.684186493249229E+07,1993-Jun-01,8flora
-1.035916205997203E+08,-3.505270172676928E+08,2.300452059806301E+07,1993-Jul-01,8flora
-5.582853055479371E+07,-3.558098801336446E+08,1.860496553528908E+07,1993-Aug-01,8flora
-6.945718246305097E+06,-3.539110107265316E+08,1.383135299575955E+07,1993-Sep-01,8flora
4.050572217277172E+07,-3.449020014814428E+08,8.931809611627206E+06,1993-Oct-01,8flora
8.862154319706368E+07,-3.279306449522485E+08,3.673111207127705E+06,1993-Nov-01,8flora
1.331575051050534E+08,-3.039719696333161E+08,-1.500222966446057E+06,1993-Dec-01,8flora
1.757680768581591E+08,-2.714746988384252E+08,-6.804889264678851E+06,1994-Jan-01,8flora
2.134631066963306E+08,-2.313899515054618E+08,-1.191792756908822E+07,1994-Feb-01,8flora
2.420006955005643E+08,-1.891420244203220E+08,-1.623009431178910E+07,1994-Mar-01,8flora
2.660586199870276E+08,-1.365429465642367E+08,-2.049505998667058E+07,1994-Apr-01,8flora
2.804519512192276E+08,-8.104825951178530E+07,-2.393754871140740E+07,1994-May-01,8flora
2.849153599962132E+08,-2.070818399606379E+07,-2.660435949653507E+07,1994-Jun-01,8flora
2.783532340467037E+08,3.851828994760309E+07,-2.816916675083858E+07,1994-Jul-01,8flora
2.600341870853154E+08,9.811891188221012E+07,-2.861682335134853E+07,1994-Aug-01,8flora
2.303827764107594E+08,1.534768228624353E+08,-2.781703959402389E+07,1994-Sep-01,8flora
1.919666878558524E+08,2.006499596731222E+08,-2.587071318506093E+07,1994-Oct-01,8flora
1.439723267384043E+08,2.407389760605961E+08,-2.274045533929564E+07,1994-Nov-01,8flora
9.160350761042953E+07,2.697622953203591E+08,-1.877926342614508E+07,1994-Dec-01,8flora
3.378209336327779E+07,2.888754248088283E+08,-1.392634357441364E+07,1995-Jan-01,8flora
-2.538204484698077E+07,2.968140587502450E+08,-8.530209061312288E+06,1995-Feb-01,8flora
-7.811295424630499E+07,2.947461059111403E+08,-3.382079072038859E+06,1995-Mar-01,8flora
-1.339512250234775E+08,2.830196959589297E+08,2.422670724152386E+06,1995-Apr-01,8flora
-1.840407776283014E+08,2.632563972487451E+08,7.972156218665868E+06,1995-May-01,8flora
-2.305742479458461E+08,2.353737164378119E+08,1.348025274655719E+07,1995-Jun-01,8flora
-2.697606542869473E+08,2.023981001052394E+08,1.847021483066815E+07,1995-Jul-01,8flora
-3.036614978024272E+08,1.633966567118948E+08,2.317480509105440E+07,1995-Aug-01,8flora
-3.305302548625657E+08,1.206171441657184E+08,2.734276349221826E+07,1995-Sep-01,8flora
-3.496908856665424E+08,7.671803149798407E+07,3.081061143248132E+07,1995-Oct-01,8flora
-3.624086423837382E+08,2.982401431281742E+07,3.376941293671028E+07,1995-Nov-01,8flora
-3.679537223007647E+08,-1.611098517049049E+07,3.600259557589784E+07,1995-Dec-01,8flora
-3.668742067377598E+08,-6.325513307362040E+07,3.764306750163449E+07,1996-Jan-01,8flora
-3.591234796492416E+08,-1.092329622727546E+08,3.859839887878279E+07,1996-Feb-01,8flora
-3.461070903002468E+08,-1.504912083422685E+08,3.887233126713088E+07,1996-Mar-01,8flora
-3.263694445399898E+08,-1.920253154978727E+08,3.850957071837609E+07,1996-Apr-01,8flora
-3.019117148959264E+08,-2.290563348884206E+08,3.752583723037767E+07,1996-May-01,8flora
-2.715415258311846E+08,-2.634196390031219E+08,3.587423430260040E+07,1996-Jun-01,8flora
-2.376825835083291E+08,-2.923237443942237E+08,3.368470783573386E+07,1996-Jul-01,8flora
-1.986143572649134E+08,-3.171256784558058E+08,3.084181769945905E+07,1996-Aug-01,8flora
-1.560040741180916E+08,-3.362300159223444E+08,2.744695749896024E+07,1996-Sep-01,8flora
-1.120375308805644E+08,-3.488013575323341E+08,2.367958640911844E+07,1996-Oct-01,8flora
-6.452540582252018E+07,-3.552074538117476E+08,1.934250167545949E+07,1996-Nov-01,8flora
-1.732918141021806E+07,-3.546307209978534E+08,1.477715702079363E+07,1996-Dec-01,8flora
3.176330112778493E+07,-3.466746161678486E+08,9.755841015525877E+06,1997-Jan-01,8flora
8.011757074207394E+07,-3.309638935487835E+08,4.518255371039405E+06,1997-Feb-01,8flora
1.221579885540920E+08,-3.099791190481473E+08,-3.069075986763388E+05,1997-Mar-01,8flora
1.656693279073717E+08,-2.792331960163341E+08,-5.635463268582672E+06,1997-Apr-01,8flora
2.034254723961148E+08,-2.421704232655835E+08,-1.064411744454657E+07,1997-May-01,8flora
2.364527269058977E+08,-1.968157327611733E+08,-1.550495429491509E+07,1997-Jun-01,8flora
2.611641645514438E+08,-1.468983129607779E+08,-1.973450678255589E+07,1997-Jul-01,8flora
2.777473361664815E+08,-9.033126502846467E+07,-2.342831235434733E+07,1997-Aug-01,8flora
2.839447691250959E+08,-3.040274726158966E+07,-2.624727382594312E+07,1997-Sep-01,8flora
2.791708652516116E+08,2.876728883171183E+07,-2.798235607887855E+07,1997-Oct-01,8flora
2.627225132577918E+08,8.870594238512650E+07,-2.862265952278463E+07,1997-Nov-01,8flora
2.359227066281530E+08,1.430927389011045E+08,-2.806119834574836E+07,1997-Dec-01,8flora
1.979707188062131E+08,1.930850515706801E+08,-2.626398327008543E+07,1998-Jan-01,8flora
1.512634301825193E+08,2.346178342051133E+08,-2.331097862822498E+07,1998-Feb-01,8flora
1.033675420003936E+08,2.635185613715800E+08,-1.977542306565228E+07,1998-Mar-01,8flora
4.627310375959341E+07,2.851187181844957E+08,-1.508459706280309E+07,1998-Apr-01,8flora
-1.080107704162020E+07,2.953795667829100E+08,-9.975564688392073E+06,1998-May-01,8flora
-6.943172782431945E+07,2.952967102980890E+08,-4.333643708808735E+06,1998-Jun-01,8flora
-1.239907838850187E+08,2.855962264272001E+08,1.272922871106341E+06,1998-Jul-01,8flora
-1.765451331467076E+08,2.666778664419624E+08,7.028058276301458E+06,1998-Aug-01,8flora
-2.239859746101331E+08,2.399500869460157E+08,1.258055961880091E+07,1998-Sep-01,8flora
-2.641766286220081E+08,2.078818077328720E+08,1.763346325549997E+07,1998-Oct-01,8flora
-2.992002504388582E+08,1.696030001411418E+08,2.241930734197354E+07,1998-Nov-01,8flora
-3.264470649665089E+08,1.287501655331071E+08,2.655241720914857E+07,1998-Dec-01,8flora
-3.475513641079566E+08,8.374724208221835E+07,3.024830934519807E+07,1999-Jan-01,8flora
-3.614517727522425E+08,3.699387758538619E+07,3.331604119204880E+07,1999-Feb-01,8flora
-3.678781033250161E+08,-5.896619632805951E+06,3.552182516364200E+07,1999-Mar-01,8flora
-3.683601153854234E+08,-5.325382639478288E+07,3.732112402339131E+07,1999-Apr-01,8flora
-3.624061389709061E+08,-9.816656017246124E+07,3.841081277935839E+07,1999-May-01,8flora
-3.499072064741972E+08,-1.428477300292646E+08,3.886231319332290E+07,1999-Jun-01,8flora
-3.319934509015350E+08,-1.837179970114400E+08,3.865184851312333E+07,1999-Jul-01,8flora
-3.078548031781368E+08,-2.228201208418271E+08,3.777710144704227E+07,1999-Aug-01,8flora
-2.784325948962804E+08,-2.580877189296625E+08,3.625213869804721E+07,1999-Sep-01,8flora
-2.453894445909164E+08,-2.879784463284177E+08,3.417981392797633E+07,1999-Oct-01,8flora
-2.070495027333608E+08,-3.139085171916335E+08,3.145133545003264E+07,1999-Nov-01,8flora
-1.664453319104535E+08,-3.336818531624808E+08,2.827715130901383E+07,1999-Dec-01,8flora
-1.215193085617887E+08,-3.481016332726451E+08,2.448905733203582E+07,2000-Jan-01,8flora
-7.431354096635865E+07,-3.559240484547734E+08,2.023747467479029E+07,2000-Feb-01,8flora
-2.882814501414344E+07,-3.568750264896966E+08,1.589707518267189E+07,2000-Mar-01,8flora
2.032459971215781E+07,-3.507230808688409E+08,1.094102111032735E+07,2000-Apr-01,8flora
6.744720282141973E+07,-3.374406341925980E+08,5.916397296666011E+06,2000-May-01,8flora
1.145410001928036E+08,-3.159615404004446E+08,5.912504049207419E+05,2000-Jun-01,8flora
1.573575779527738E+08,-2.876437866273698E+08,-4.575450292674407E+06,2000-Jul-01,8flora
1.973699449325121E+08,-2.507732893895483E+08,-9.788791759900212E+06,2000-Aug-01,8flora
2.315820996222689E+08,-2.066161576575656E+08,-1.471366344406269E+07,2000-Sep-01,8flora
2.576986750744433E+08,-1.576905723430456E+08,-1.903603420493227E+07,2000-Oct-01,8flora
2.759837266271995E+08,-1.018993099716830E+08,-2.285882451363033E+07,2000-Nov-01,8flora
2.840005845406313E+08,-4.436867565242615E+07,-2.575792383389436E+07,2000-Dec-01,8flora
2.812915797745887E+08,1.671798212620319E+07,-2.775640058112526E+07,2001-Jan-01,8flora
2.669047204241736E+08,7.706339038360502E+07,-2.860362617956787E+07,2001-Feb-01,8flora
2.439834586352037E+08,1.287499483483142E+08,-2.830920790440148E+07,2001-Mar-01,8flora
2.084059062817338E+08,1.804742062557181E+08,-2.679796779307233E+07,2001-Apr-01,8flora
1.651775399097152E+08,2.229434959531141E+08,-2.420785630755169E+07,2001-May-01,8flora
1.134480049423540E+08,2.572713898047584E+08,-2.049808267814909E+07,2001-Jun-01,8flora
5.880254682973472E+07,2.802214886620491E+08,-1.608646050036351E+07,2001-Jul-01,8flora
1.714896710813709E+04,2.929323748875602E+08,-1.089717055360560E+07,2001-Aug-01,8flora
-5.881012288056596E+07,2.946784060048062E+08,-5.297808925271630E+06,2001-Sep-01,8flora
-1.138506774931409E+08,2.865923204208370E+08,3.011322450943291E+05,2001-Oct-01,8flora
-1.671373528729694E+08,2.691445289619119E+08,6.078021727821678E+06,2001-Nov-01,8flora
-2.140147146613726E+08,2.446037661102471E+08,1.150063375977352E+07,2001-Dec-01,8flora
-2.566730420575788E+08,2.126060573298751E+08,1.679338525461586E+07,2002-Jan-01,8flora
-2.928029171077628E+08,1.751567759416564E+08,2.165966937786609E+07,2002-Feb-01,8flora
-3.194788443770015E+08,1.376992142010677E+08,2.561613988655224E+07,2002-Mar-01,8flora
-3.422147708628443E+08,9.330801721027666E+07,2.945035873251950E+07,2002-Apr-01,8flora
-3.573549762172291E+08,4.844248604895698E+07,3.257101296088470E+07,2002-May-01,8flora
-3.659607468682100E+08,1.115650907500044E+06,3.515397166403030E+07,2002-Jun-01,8flora
-3.676154592518719E+08,-4.473298643862413E+07,3.701312342581874E+07,2002-Jul-01,8flora
-3.626476737792164E+08,-9.130563112527087E+07,3.826178695438939E+07,2002-Aug-01,8flora
-3.511759458986902E+08,-1.362571571972061E+08,3.882447038942935E+07,2002-Sep-01,8flora
-3.342006865675618E+08,-1.775029525291544E+08,3.872020013873033E+07,2002-Oct-01,8flora
-3.109664598847606E+08,-2.171042152785411E+08,3.795274890345163E+07,2002-Nov-01,8flora
-2.833751469004151E+08,-2.518854612879286E+08,3.658743485001513E+07,2002-Dec-01,8flora
-2.500541770421769E+08,-2.835519937479154E+08,3.455546117254421E+07,2003-Jan-01,8flora
-2.123698797690836E+08,-3.102828349804786E+08,3.192083283872882E+07,2003-Feb-01,8flora
-1.750707139326848E+08,-3.297120102400174E+08,2.905271299334668E+07,2003-Mar-01,8flora
-1.307647172395285E+08,-3.455085263215781E+08,2.537601904199445E+07,2003-Apr-01,8flora
-8.553779413273224E+07,-3.546208149623201E+08,2.136316725224710E+07,2003-May-01,8flora
-3.716525458582934E+07,-3.572102042388974E+08,1.680619351465602E+07,2003-Jun-01,8flora
1.038278297063273E+07,-3.527362757594897E+08,1.206701604137620E+07,2003-Jul-01,8flora
5.927985861982024E+07,-3.405869547625551E+08,6.913964489382476E+06,2003-Aug-01,8flora
1.068021868094189E+08,-3.205763209280091E+08,1.602215997888550E+06,2003-Sep-01,8flora
1.502812144076761E+08,-2.936630590809824E+08,-3.576000385185391E+06,2003-Oct-01,8flora
1.912525600101713E+08,-2.581816500438087E+08,-8.829962367589965E+06,2003-Nov-01,8flora
2.256721015194800E+08,-2.167856189497197E+08,-1.367240452839042E+07,2003-Dec-01,8flora
2.543150914634195E+08,-1.674141875426184E+08,-1.825406205548216E+07,2004-Jan-01,8flora
2.743984401994333E+08,-1.124410726101522E+08,-2.221931131627656E+07,2004-Feb-01,8flora
2.841971651695413E+08,-5.731587523063140E+07,-2.520058294953068E+07,2004-Mar-01,8flora
2.840174187096576E+08,3.677852300129687E+06,-2.743864042105661E+07,2004-Apr-01,8flora
2.727736873850154E+08,6.255345816901068E+07,-2.853362842308351E+07,2004-May-01,8flora
2.497031564133414E+08,1.207032956282291E+08,-2.846354195253159E+07,2004-Jun-01,8flora
2.169556663357987E+08,1.719408114335129E+08,-2.720644614291880E+07,2004-Jul-01,8flora
1.737335084778638E+08,2.173845207946573E+08,-2.472685542765056E+07,2004-Aug-01,8flora
1.229649683272034E+08,2.533621497451493E+08,-2.117074691821411E+07,2004-Sep-01,8flora
6.888659183813092E+07,2.780283074470479E+08,-1.687760641632839E+07,2004-Oct-01,8flora
1.031367887927819E+07,2.925352356171151E+08,-1.177597056821032E+07,2004-Nov-01,8flora
-4.676483790901868E+07,2.960675888160358E+08,-6.412145259428933E+06,2004-Dec-01,8flora
-1.041112446794459E+08,2.894788413230324E+08,-6.480399584287703E+05,2005-Jan-01,8flora
-1.580741814703541E+08,2.734631143480220E+08,5.139185346802101E+06,2005-Feb-01,8flora
-2.027654387623916E+08,2.518914930415126E+08,1.023947745900346E+07,2005-Mar-01,8flora
-2.468199374383217E+08,2.213347998550608E+08,1.561093467823282E+07,2005-Apr-01,8flora
-2.833696582121344E+08,1.862818375077370E+08,2.042631222107663E+07,2005-May-01,8flora
-3.143969032522402E+08,1.456381288507440E+08,2.491690068452182E+07,2005-Jun-01,8flora
-3.376584525937400E+08,1.031534930107680E+08,2.872798070364345E+07,2005-Jul-01,8flora
-3.546121317347052E+08,5.709534626660069E+07,3.206393977639445E+07,2005-Aug-01,8flora
-3.643993495114575E+08,9.878500016809329E+06,3.475272496619378E+07,2005-Sep-01,8flora
-3.671726238944983E+08,-3.601015480097246E+07,3.671696815718693E+07,2005-Oct-01,8flora
-3.633234716701215E+08,-8.276422698206024E+07,3.807542265125807E+07,2005-Nov-01,8flora
-3.533575227977127E+08,-1.266003574925916E+08,3.873678475546315E+07,2005-Dec-01,8flora
-3.369317812594652E+08,-1.696958253790038E+08,3.874847191236313E+07,2006-Jan-01,8flora
-3.146529177978886E+08,-2.098454723073610E+08,3.808730449402129E+07,2006-Feb-01,8flora
-2.898522067593763E+08,-2.430173752929190E+08,3.692504271397590E+07,2006-Mar-01,8flora
-2.576488196557556E+08,-2.757332748989797E+08,3.503270246603988E+07,2006-Apr-01,8flora
-2.222100620869010E+08,-3.028307667077838E+08,3.262082469759680E+07,2006-May-01,8flora
-1.817326729852508E+08,-3.255577888653815E+08,2.956188883814505E+07,2006-Jun-01,8flora
-1.394222538454539E+08,-3.419427328009411E+08,2.609185789829542E+07,2006-Jul-01,8flora
-9.314956964763550E+07,-3.525840570404741E+08,2.202782050288808E+07,2006-Aug-01,8flora
-4.506966169888711E+07,-3.563728995525566E+08,1.753645537276077E+07,2006-Sep-01,8flora
2.340394545981489E+06,-3.531293288153856E+08,1.284978796837023E+07,2006-Oct-01,8flora
5.126688652060602E+07,-3.423113001627801E+08,7.737252324588180E+06,2006-Nov-01,8flora
9.750895031610197E+07,-3.243992989712237E+08,2.621295018713221E+06,2006-Dec-01,8flora
1.429353400131817E+08,-2.981066693897220E+08,-2.725587326044783E+06,2007-Jan-01,8flora
1.846079742962704E+08,-2.639947349740923E+08,-7.999624038465172E+06,2007-Feb-01,8flora
2.177910490765931E+08,-2.267402789519330E+08,-1.257190444952799E+07,2007-Mar-01,8flora
2.481697150763603E+08,-1.789503780942017E+08,-1.726309878132744E+07,2007-Apr-01,8flora
2.697947696484904E+08,-1.270757581353508E+08,-2.126192593059100E+07,2007-May-01,8flora
2.827039718661608E+08,-6.905225303614667E+07,-2.464828820599426E+07,2007-Jun-01,8flora
2.849548516704249E+08,-1.037305384743895E+07,-2.703225094515806E+07,2007-Jul-01,8flora
2.759509428591778E+08,5.065406360360841E+07,-2.841891525138384E+07,2007-Aug-01,8flora
2.552625594618937E+08,1.095467369324825E+08,-2.860141650377282E+07,2007-Sep-01,8flora
2.246218819038928E+08,1.620297711872355E+08,-2.758876276714574E+07,2007-Oct-01,8flora
1.832207519695589E+08,2.092277733851365E+08,-2.534473560212945E+07,2007-Nov-01,8flora
1.354940289583955E+08,2.462356488451661E+08,-2.211536126839092E+07,2007-Dec-01,8flora
8.051314060616082E+07,2.741866127068272E+08,-1.785315965425338E+07,2008-Jan-01,8flora
2.223623406086570E+07,2.910185619271827E+08,-1.286322909043340E+07,2008-Feb-01,8flora
-3.311928000228643E+07,2.966871717314945E+08,-7.742653906167567E+06,2008-Mar-01,8flora
-9.112418597657219E+07,2.924766351873640E+08,-2.002533625463009E+06,2008-Apr-01,8flora
-1.444132142054450E+08,2.791452131194416E+08,3.619947165623918E+06,2008-May-01,8flora
-1.951115429001882E+08,2.569364469644119E+08,9.320348726430073E+06,2008-Jun-01,8flora
-2.389195364811268E+08,2.284821230336023E+08,1.458757005455601E+07,2008-Jul-01,8flora
-2.779956235687014E+08,1.931695211323088E+08,1.965196560522656E+07,2008-Aug-01,8flora
-3.102722890644722E+08,1.531281935526550E+08,2.423588943956847E+07,2008-Sep-01,8flora
-3.347576475124140E+08,1.110339880511757E+08,2.814514857758003E+07,2008-Oct-01,8flora
-3.529676599936719E+08,6.519880383031735E+07,3.158789137433284E+07,2008-Nov-01,8flora
-3.637411530832476E+08,1.957091019808724E+07,3.430675171908523E+07,2008-Dec-01,8flora
-3.679122900651845E+08,-2.793675017314284E+07,3.645892611115631E+07,2009-Jan-01,8flora
-3.652074787664493E+08,-7.491511191924424E+07,3.792925689397939E+07,2009-Feb-01,8flora
-3.570763448034017E+08,-1.161966507866795E+08,3.866695470548607E+07,2009-Mar-01,8flora
-3.420727742126749E+08,-1.599121470571374E+08,3.883224757388110E+07,2009-Apr-01,8flora
-3.218855954036963E+08,-1.995660537560412E+08,3.834846732354809E+07,2009-May-01,8flora
-2.955729021528932E+08,-2.371381918103753E+08,3.719778229468995E+07,2009-Jun-01,8flora
-2.652618440803773E+08,-2.696049191452475E+08,3.547369023888116E+07,2009-Jul-01,8flora
-2.294279608257716E+08,-2.985371104784501E+08,3.308716300893721E+07,2009-Aug-01,8flora
-1.895659299015969E+08,-3.222046092379707E+08,3.011842446581399E+07,2009-Sep-01,8flora
-1.477438396373750E+08,-3.395802330164470E+08,2.672886456519595E+07,2009-Oct-01,8flora
-1.018520935099562E+08,-3.513225751515701E+08,2.273944505251962E+07,2009-Nov-01,8flora
-5.557732457265619E+07,-3.562333133187295E+08,1.846121918150383E+07,2009-Dec-01,8flora
-6.684694497448703E+06,-3.542299906196120E+08,1.367575743523070E+07,2010-Jan-01,8flora
4.233001594646393E+07,-3.446860519076128E+08,8.600437381139308E+06,2010-Feb-01,8flora
8.579287462778687E+07,-3.293707246409734E+08,3.847260950479165E+06,2010-Mar-01,8flora
1.318905256882526E+08,-3.048843523804211E+08,-1.498087050071299E+06,2010-Apr-01,8flora
1.732494435863154E+08,-2.736943460724170E+08,-6.634067497515962E+06,2010-May-01,8flora
2.112051875340274E+08,-2.339869035584259E+08,-1.175629811531717E+07,2010-Jun-01,8flora
2.418726927905757E+08,-1.888544285837164E+08,-1.637634196303317E+07,2010-Jul-01,8flora
2.657791129761599E+08,-1.361978610655513E+08,-2.062243595861873E+07,2010-Aug-01,8flora
2.803165626896026E+08,-7.876923061249098E+07,-2.414177286955667E+07,2010-Sep-01,8flora
2.842892125741472E+08,-2.035386353462533E+07,-2.667950500436526E+07,2010-Oct-01,8flora
2.771372374853123E+08,4.077272767367441E+07,-2.824535400442096E+07,2010-Nov-01,8flora
2.590632316352530E+08,9.830620569006024E+07,-2.862635380998312E+07,2010-Dec-01,8flora
2.292705589329347E+08,1.535115508417290E+08,-2.779252030774093E+07,2011-Jan-01,8flora
1.893251534073514E+08,2.019372804421164E+08,-2.573061966091777E+07,2011-Feb-01,8flora
1.460150726517108E+08,2.381094627094783E+08,-2.289273705155440E+07,2011-Mar-01,8flora
9.213977910660927E+07,2.684031681913223E+08,-1.882045313187627E+07,2011-Apr-01,8flora
3.632860232419557E+07,2.872214944587107E+08,-1.413863078184721E+07,2011-May-01,8flora
-2.275301528602161E+07,2.956762197829928E+08,-8.759759507615060E+06,2011-Jun-01,8flora
-7.920545351215313E+07,2.936177861100089E+08,-3.246585569546536E+06,2011-Jul-01,8flora
-1.349299161372441E+08,2.817350705652857E+08,2.558597240122363E+06,2011-Aug-01,8flora
-1.864813650914366E+08,2.610485431018448E+08,8.286349913173199E+06,2011-Sep-01,8flora
-2.312942099556313E+08,2.338411016052656E+08,1.360541326521556E+07,2011-Oct-01,8flora
-2.715398228806052E+08,1.995792764580257E+08,1.874459105775025E+07,2011-Nov-01,8flora
-3.041000961966577E+08,1.616823960837707E+08,2.327752937607576E+07,2011-Dec-01,8flora
-3.308215155914074E+08,1.188314241112047E+08,2.743070102725478E+07,2012-Jan-01,8flora
-3.503551307351696E+08,7.337955618070784E+07,3.098745175725542E+07,2012-Feb-01,8flora
-3.621106638868350E+08,2.946183779566790E+07,3.373851865751390E+07,2012-Mar-01,8flora
-3.678021349274206E+08,-1.803571482291033E+07,3.603750188996051E+07,2012-Apr-01,8flora
-3.667149800153008E+08,-6.369597296245183E+07,3.761590978901251E+07,2012-May-01,8flora
-3.590218218343828E+08,-1.097354781697837E+08,3.857208969793326E+07,2012-Jun-01,8flora
-3.455071349656038E+08,-1.524491101506505E+08,3.884503455114949E+07,2012-Jul-01,8flora
-3.256197342236760E+08,-1.939684359418106E+08,3.846025556154889E+07,2012-Aug-01,8flora
-3.001149823614220E+08,-2.321443902839413E+08,3.741130298610023E+07,2012-Sep-01,8flora
-2.705106916491687E+08,-2.652927055031671E+08,3.578228280424079E+07,2012-Oct-01,8flora
-2.353212427012913E+08,-2.950237241832691E+08,3.348951436111276E+07,2012-Nov-01,8flora
-1.973336984669812E+08,-3.188747143883746E+08,3.071063590356725E+07,2012-Dec-01,8flora
-1.546141207581044E+08,-3.378968621587268E+08,2.729819660745564E+07,2013-Jan-01,8flora
-1.090494847745781E+08,-3.506883824372561E+08,2.338226977618292E+07,2013-Feb-01,8flora
-6.608409069811144E+07,-3.564860369678823E+08,1.945897154071568E+07,2013-Mar-01,8flora
-1.729825669408748E+07,-3.561339843660228E+08,1.474875661519332E+07,2013-Apr-01,8flora
3.025904035033534E+07,-3.486838233380016E+08,9.895428764832154E+06,2013-May-01,8flora
7.871516987540068E+07,-3.333669734000973E+08,4.665898482864723E+06,2013-Jun-01,8flora
1.238292234103055E+08,-3.110250352442837E+08,-5.004674078147858E+05,2013-Jul-01,8flora
1.673208157160603E+08,-2.801765568760534E+08,-5.823728173949480E+06,2013-Aug-01,8flora
2.062092892826295E+08,-2.416668811622776E+08,-1.098570025103945E+07,2013-Sep-01,8flora
2.380208714462580E+08,-1.975898789347979E+08,-1.567105129475997E+07,2013-Oct-01,8flora
2.633597104079238E+08,-1.458540152734252E+08,-2.001485408433793E+07,2013-Nov-01,8flora
2.791995189364482E+08,-9.099203936414444E+07,-2.355881271640241E+07,2013-Dec-01,8flora
2.853360040833414E+08,-3.102790442406999E+07,-2.635586789565263E+07,2014-Jan-01,8flora
2.801564842881767E+08,3.013078647401881E+07,-2.810684129050262E+07,2014-Feb-01,8flora
2.654196524530298E+08,8.433403153455144E+07,-2.868123720644118E+07,2014-Mar-01,8flora
2.382157130181417E+08,1.407722140960043E+08,-2.813674838350398E+07,2014-Apr-01,8flora
2.018969654048196E+08,1.894964204312946E+08,-2.643022103189611E+07,2014-May-01,8flora
1.556537239072283E+08,2.316122495692197E+08,-2.352422374686281E+07,2014-Jun-01,8flora
1.044899892590264E+08,2.628749792315153E+08,-1.974463208261141E+07,2014-Jul-01,8flora
4.737279333720440E+07,2.844360214949549E+08,-1.503420021841989E+07,2014-Aug-01,8flora
-1.161967891658309E+07,2.948123726385897E+08,-9.731257824615076E+06,2014-Sep-01,8flora
-6.833781207762414E+07,2.945130154382269E+08,-4.254377123392284E+06,2014-Oct-01,8flora
-1.246387359198455E+08,2.842808736463588E+08,1.548098481912270E+06,2014-Nov-01,8flora
-1.753921203743745E+08,2.657861598706741E+08,7.120284542642653E+06,2014-Dec-01,8flora
-2.227774728352838E+08,2.390128897656100E+08,1.267282336068107E+07,2015-Jan-01,8flora
-2.641332177581480E+08,2.057518606563173E+08,1.788327651812516E+07,2015-Feb-01,8flora
-2.957954262180091E+08,1.712203292338775E+08,2.220639855595952E+07,2015-Mar-01,8flora
-3.242028846291315E+08,1.291757379635920E+08,2.649262583626185E+07,2015-Apr-01,8flora
-3.448712853609372E+08,8.575027972893582E+07,3.008396612344399E+07,2015-May-01,8flora
-3.591378829941370E+08,3.912034251895002E+07,3.317648852769796E+07,2015-Jun-01,8flora
-3.661521666168290E+08,-6.758768124169318E+06,3.554256297221448E+07,2015-Jul-01,8flora
-3.665435441428301E+08,-5.403401449256133E+07,3.732197077681860E+07,2015-Aug-01,8flora
-3.602024477901865E+08,-1.003193538195062E+08,3.841629140581688E+07,2015-Sep-01,8flora
-3.479369059505854E+08,-1.434153912151224E+08,3.882238210593213E+07,2015-Oct-01,8flora
-3.292699052704712E+08,-1.854704028866726E+08,3.857347483827901E+07,2015-Nov-01,8flora
-3.057753864183426E+08,-2.231213157601125E+08,3.769733161224893E+07,2015-Dec-01,8flora
-2.763176057774706E+08,-2.582386303806245E+08,3.615349521323501E+07,2016-Jan-01,8flora
-2.420797191430371E+08,-2.888902119095375E+08,3.398479590148781E+07,2016-Feb-01,8flora
-2.062029226219403E+08,-3.129985749886633E+08,3.141729401928885E+07,2016-Mar-01,8flora
-1.643065813660626E+08,-3.333590066618615E+08,2.813206057644644E+07,2016-Apr-01,8flora
-1.208873032919991E+08,-3.472528672460659E+08,2.446207928744750E+07,2016-May-01,8flora
-7.377328058777143E+07,-3.551282425894567E+08,2.021472087484701E+07,2016-Jun-01,8flora
-2.677903433705531E+07,-3.560624294328843E+08,1.572340077941114E+07,2016-Jul-01,8flora
2.231966770266508E+07,-3.497442613513247E+08,1.076249526635720E+07,2016-Aug-01,8flora
7.092756393738294E+07,-3.357270359259214E+08,5.565526490463659E+06,2016-Sep-01,8flora
1.163952504430261E+08,-3.146575990130349E+08,4.114725148276985E+05,2016-Oct-01,8flora
1.604864246368825E+08,-2.851052695486820E+08,-4.922140419674739E+06,2016-Nov-01,8flora
1.990303524988015E+08,-2.491469693733817E+08,-9.957204693644881E+06,2016-Dec-01,8flora
2.331177511165327E+08,-2.048290443132248E+08,-1.487062468989009E+07,2017-Jan-01,8flora
2.598227523611629E+08,-1.540243439641326E+08,-1.931169287809683E+07,2017-Feb-01,8flora
2.763317879758026E+08,-1.035573885156808E+08,-2.275834911314074E+07,2017-Mar-01,8flora
2.849338021097974E+08,-4.412372942365932E+07,-2.577334179597407E+07,2017-Apr-01,8flora
2.826358527378783E+08,1.506683138003340E+07,-2.772959070864533E+07,2017-May-01,8flora
2.687608352334092E+08,7.559808379850182E+07,-2.862015189820236E+07,2017-Jun-01,8flora
2.443108407411829E+08,1.311161479179710E+08,-2.830779480275096E+07,2017-Jul-01,8flora
2.084813942772246E+08,1.827990463473431E+08,-2.675839389284061E+07,2017-Aug-01,8flora
1.634525815029797E+08,2.264406084044242E+08,-2.402719644160823E+07,2017-Sep-01,8flora
1.131006801890398E+08,2.593679032936227E+08,-2.038921812570310E+07,2017-Oct-01,8flora
5.643001499794974E+07,2.827324056172603E+08,-1.579095968158121E+07,2017-Nov-01,8flora
-5.839802079141411E+05,2.946763150381529E+08,-1.073958450113623E+07,2017-Dec-01,8flora
-5.946791383913800E+07,2.962305885407536E+08,-5.126032306464016E+06,2018-Jan-01,8flora
-1.163055784160889E+08,2.875361066979859E+08,6.673252262497842E+05,2018-Feb-01,8flora
-1.644889731820540E+08,2.717426439922439E+08,5.888251101993129E+06,2018-Mar-01,8flora
-2.131415633509480E+08,2.465994004685429E+08,1.149808030303869E+07,2018-Apr-01,8flora
-2.546511529497339E+08,2.157983563505526E+08,1.662794714638317E+07,2018-May-01,8flora
-2.911348543266489E+08,1.785637729905097E+08,2.151021131199192E+07,2018-Jun-01,8flora
-3.198479046910798E+08,1.384796873154324E+08,2.574874902836363E+07,2018-Jul-01,8flora
-3.424893647312804E+08,9.403910312935650E+07,2.956253355051665E+07,2018-Aug-01,8flora
-3.579236415727487E+08,4.763038163094695E+07,3.275437009297096E+07,2018-Sep-01,8flora
-3.660517575441482E+08,1.814104987897219E+06,3.522059361201426E+07,2018-Oct-01,8flora
-3.675640481372039E+08,-4.554146575470521E+07,3.710596652066620E+07,2018-Nov-01,8flora
-3.625747526645689E+08,-9.056615313207772E+07,3.827926236891729E+07,2018-Dec-01,8flora
-3.510319161565206E+08,-1.354732173809820E+08,3.881672097194395E+07,2019-Jan-01,8flora
-3.333344027211039E+08,-1.779899834580300E+08,3.867322269823278E+07,2019-Feb-01,8flora
-3.123817579860522E+08,-2.137504878463599E+08,3.796774361694708E+07,2019-Mar-01,8flora
-2.840827652887567E+08,-2.498053729879578E+08,3.656496903765852E+07,2019-Apr-01,8flora
-2.520290667517748E+08,-2.805845383035728E+08,3.460634160775229E+07,2019-May-01,8flora
-2.145988760958029E+08,-3.075580794158722E+08,3.198949200188220E+07,2019-Jun-01,8flora
-1.747531711261575E+08,-3.284573705271077E+08,2.891641554317529E+07,2019-Jul-01,8flora
-1.304695111681048E+08,-3.441544682965573E+08,2.522414001989001E+07,2019-Aug-01,8flora
-8.374447470762859E+07,-3.533620750030655E+08,2.105777611861914E+07,2019-Sep-01,8flora
-3.696890688936568E+07,-3.556653347928742E+08,1.663254875920817E+07,2019-Oct-01,8flora
1.208580787923472E+07,-3.508322967392064E+08,1.172502874676846E+07,2019-Nov-01,8flora
5.929916710248674E+07,-3.388794511158943E+08,6.733100307450563E+06,2019-Dec-01,8flora
1.067017833004495E+08,-3.188069137347811E+08,1.424186293869153E+06,2020-Jan-01,8flora
1.514354267060634E+08,-2.908275448648900E+08,-3.918308821972519E+06,2020-Feb-01,8flora
1.896295932498876E+08,-2.576161131291130E+08,-8.822810229979500E+06,2020-Mar-01,8flora
2.251339680132291E+08,-2.149653985610364E+08,-1.381532313881126E+07,2020-Apr-01,8flora
2.528233530114805E+08,-1.673175296566948E+08,-1.823830422070404E+07,2020-May-01,8flora
2.730524380826303E+08,-1.125695513673118E+08,-2.220341109031002E+07,2020-Jun-01,8flora
2.832169090789956E+08,-5.568662498112649E+07,-2.527692656849132E+07,2020-Jul-01,8flora
2.829210343684918E+08,5.197869007066825E+06,-2.748951360704743E+07,2020-Aug-01,8flora
2.710223670186636E+08,6.588785549678774E+07,-2.857671825435932E+07,2020-Sep-01,8flora
2.484513562365583E+08,1.219926554008246E+08,-2.846671008941058E+07,2020-Oct-01,8flora
2.144000355666917E+08,1.747189951830444E+08,-2.712616407344194E+07,2020-Nov-01,8flora
1.723934538058620E+08,2.184750642577633E+08,-2.468905840242048E+07,2020-Dec-01,8flora
1.215848901781240E+08,2.543695437567376E+08,-2.111473839594112E+07,2021-Jan-01,8flora
6.560092774213884E+07,2.796018046391255E+08,-1.664968171481271E+07,2021-Feb-01,8flora
1.265392664274808E+07,2.927968642006292E+08,-1.203454583253929E+07,2021-Mar-01,8flora
-4.641203637913071E+07,2.968871805284795E+08,-6.495289117258355E+06,2021-Apr-01,8flora
-1.020922108274097E+08,2.908837974050698E+08,-9.112144627245516E+05,2021-May-01,8flora
-1.563782311202452E+08,2.753332005295569E+08,4.889346817490593E+06,2021-Jun-01,8flora
-2.044703081579767E+08,2.523500796449424E+08,1.036626848410198E+07,2021-Jul-01,8flora
-2.485641686947677E+08,2.216639870383920E+08,1.574092263036563E+07,2021-Aug-01,8flora
-2.862477280309106E+08,1.852289472073884E+08,2.070911545097776E+07,2021-Sep-01,8flora
-3.161730756109754E+08,1.457015298734241E+08,2.504338857981171E+07,2021-Oct-01,8flora
-3.400858945177098E+08,1.016276263123929E+08,2.896525691579490E+07,2021-Nov-01,8flora
-3.563577185356988E+08,5.690577574313338E+07,3.217466212188684E+07,2021-Dec-01,8flora
-3.661083895927002E+08,9.574386178715426E+06,3.485146282737944E+07,2022-Jan-01,8flora
-3.688148745892170E+08,-3.793894252525143E+07,3.685611679186003E+07,2022-Feb-01,8flora
-3.653830265699698E+08,-8.026884043408523E+07,3.807896508700792E+07,2022-Mar-01,8flora
-3.553332514014374E+08,-1.257259558503938E+08,3.877876960359332E+07,2022-Apr-01,8flora
-3.396556363302439E+08,-1.676082459316041E+08,3.880494133886033E+07,2022-May-01,8flora
-3.176734829766892E+08,-2.080089259087003E+08,3.816905683531695E+07,2022-Jun-01,8flora
-2.912005810582594E+08,-2.436929050041497E+08,3.692717220585690E+07,2022-Jul-01,8flora
-2.589306784842399E+08,-2.764189642358398E+08,3.501791152761237E+07,2022-Aug-01,8flora
-2.221814330439938E+08,-3.043325923418001E+08,3.250018641137518E+07,2022-Sep-01,8flora
-1.828959750155541E+08,-3.262246171882975E+08,2.951689444254647E+07,2022-Oct-01,8flora
-1.390785643105267E+08,-3.430284325337642E+08,2.590989805650000E+07,2022-Nov-01,8flora
-9.422056307449819E+07,-3.531890484399533E+08,2.195865006398810E+07,2022-Dec-01,8flora
-4.610741675563426E+07,-3.569334365132103E+08,1.745798299571548E+07,2023-Jan-01,8flora
2.909488023369404E+06,-3.534095948803396E+08,1.260327107341753E+07,2023-Feb-01,8flora
4.712640713192023E+07,-3.437018113979063E+08,7.984172214928344E+06,2023-Mar-01,8flora
9.498651924027529E+07,-3.255146898660896E+08,2.702441587964818E+06,2023-Apr-01,8flora
1.390735217367204E+08,-3.003813608708007E+08,-2.470681096434787E+06,2023-May-01,8flora
1.809954622415814E+08,-2.667074387699801E+08,-7.748776555157274E+06,2023-Jun-01,8flora
2.166720376122492E+08,-2.269688084734575E+08,-1.264756597274867E+07,2023-Jul-01,8flora
2.469759268493318E+08,-1.791337241526911E+08,-1.732579365735462E+07,2023-Aug-01,8flora
2.690794491839771E+08,-1.254182599786323E+08,-2.142945879778589E+07,2023-Sep-01,8flora
2.813064316729843E+08,-6.919508119868243E+07,-2.467307675567516E+07,2023-Oct-01,8flora
2.833222381809540E+08,-8.557164461288033E+06,-2.709439040360836E+07,2023-Nov-01,8flora
2.742960020886360E+08,5.044741328125521E+07,-2.839113504877465E+07,2023-Dec-01,8flora
2.534742220256810E+08,1.092546651439710E+08,-2.854334300774635E+07,2024-Jan-01,8flora
2.215236455072397E+08,1.632603309955265E+08,-2.744612954483290E+07,2024-Feb-01,8flora
1.826940369007041E+08,2.072766943712446E+08,-2.531866562564631E+07,2024-Mar-01,8flora
1.334326332645121E+08,2.454915472642518E+08,-2.197213218268801E+07,2024-Apr-01,8flora
8.026968719365637E+07,2.725208495151311E+08,-1.783843165952477E+07,2024-May-01,8flora

